trimestre,segmento,centro_transferencia,menu,opcion,total_llamadas,porcentaje,misma_linea,linea_diferente,no_digito_telefono
Q01_25,Nacional,19020086,cliente_colgo,SIN_OPCION,2507905,21.5387679,223863,469496,1814546
Q01_25,Nacional,10728487,NOTMX-SeguimientoInstalacion,DEFAULT,1107912,9.5151369,1005237,102675,0
Q01_25,Nacional,10828091,RES-FallaInternet,DEFAULT,990455,8.506375,106169,884286,0
Q01_25,Nacional,CLIENTE_COLGO,SIN_MENU,SIN_OPCION,893792,7.6761992,719742,173931,119
Q01_25,Nacional,1309004,RES-SaldooPagos,DEFAULT,480606,4.1276129,113309,367297,0
Q01_25,Nacional,15070013,RES-MADT-Detalle,DEFAULT,470991,4.0450359,90938,380053,0
Q01_25,Nacional,10428174,Desborde_Cabecera,TELVICOBRA,425078,3.650719,61032,364046,0
Q01_25,Nacional,19020086,SinOpcion_Cabecera,SIN_OPCION,362598,3.1141188,0,10733,351865
Q01_25,Nacional,19020086,Desborde_Promocional,SIN_OPCION,337120,2.8953048,212289,124831,0
Q01_25,Nacional,19010000,RES-FallaInternet,DEFAULT,318288,2.733569,34211,284077,0
Q01_25,Nacional,15070059,NOTMX-CONT-Contratacion,DEFAULT,283118,2.4315167,258419,24699,0
Q01_25,Nacional,19020086,Marque3,SIN_OPCION,231828,1.9910202,0,6799,225029
Q01_25,Nacional,15070019,RES-FallasLinea,DEFAULT,224294,1.9263156,29380,194914,0
Q01_25,Nacional,CLIENTE_COLGO,Desborde_Cabecera,QJA_AB_2,158781,1.3636669,3625,155156,0
Q01_25,Nacional,CLIENTE_COLGO,Desborde_Cabecera,QJA_AB_DAT_2,148490,1.2752842,5576,142914,0
Q01_25,Nacional,10928253,Desborde_Cabecera,QJA_AB_DAT_1,141886,1.2185667,3025,138861,0
Q01_25,Nacional,10728485,NOTMX-CONT-Portabilidad,DEFAULT,117997,1.0133996,107180,10817,0
Q01_25,Nacional,10928253,RES-FallaSegQja,DEFAULT,113786,0.9772341,14184,99602,0
Q01_25,Nacional,10928299,Desborde_Cabecera,ECATEPEC,111202,0.9550418,23107,88095,0
Q01_25,Nacional,1309004,RES-Saldos-WT,DEFAULT,102778,0.8826935,16799,85979,0
Q01_25,Nacional,10828091,RES-FallaInternet,NOBOT,102754,0.8824874,21435,81319,0
Q01_25,Nacional,10728000,RES-FallaInternet,POSIBLE_FALLA_DSLAM_P,102130,0.8771283,3430,98700,0
Q01_25,Nacional,14928994,Desborde_Cabecera,TELECOBRA,97350,0.836076,9563,87787,0
Q01_25,Nacional,15070004,RES_CambioDom,DEFAULT,87763,0.7537394,6840,80923,0
Q01_25,Nacional,10728382,RES-Entr,DEFAULT,82778,0.7109265,18153,64625,0
Q01_25,Nacional,10928253,Desborde_Cabecera,QJA_AB_3,82675,0.7100419,2425,80250,0
Q01_25,Nacional,19010000,RES-FallasLinea,DEFAULT,80199,0.6887771,8979,71220,0
Q01_25,Nacional,15070002,RES_Otros,DEFAULT,73637,0.6324204,13352,60285,0
Q01_25,Nacional,10928253,Desborde_Cabecera,QJA_AB_VSI_1,66228,0.5687893,998,65230,0
Q01_25,Nacional,CLIENTE_COLGO,Desborde_Cabecera,QJA_AB_VSI_2,63573,0.5459872,1902,61671,0
Q01_25,Nacional,10728009,RES-AsistenciaTelmexcom,DEFAULT,57273,0.4918806,13759,43514,0
Q01_25,Nacional,19020078,Desborde_Cabecera,ECATEPEC_QJA,43969,0.3776212,1881,42088,0
Q01_25,Nacional,19020033,RES-FallaEntretiene,DEFAULT,39704,0.3409919,8050,31654,0
Q01_25,Nacional,14929014,NOTMX-CONT-Portabilidad,DEFAULT,36572,0.3140932,33478,3094,0
Q01_25,Nacional,19020076,Desborde_Cabecera,ECATEPEC_FM,32918,0.2827113,2216,30702,0
Q01_25,Nacional,10428163,Desborde_Cabecera,MES_1,32592,0.2799115,7385,25207,0
Q01_25,Nacional,11028186,Desborde_Cabecera,VINNETFLIX,31792,0.2730408,3238,28554,0
Q01_25,Nacional,15070012,RES-MADT-Detalle,2L,31573,0.27116,6578,24995,0
Q01_25,Nacional,10728381,RES-FallaEntretiene,DEFAULT,28719,0.2466488,6035,22684,0
Q01_25,Nacional,1309013,RES-FallaInternet,CECOR,28235,0.2424921,3044,25191,0
Q01_25,Nacional,15070013,RES-ContratacionInfinitum,DEFAULT,26370,0.2264748,6694,19676,0
Q01_25,Nacional,CLIENTE_COLGO,RES-MADT-Detalle,DEFAULT,22352,0.1919668,3584,18768,0
Q01_25,Nacional,CLIENTE_COLGO,RES-FallaInternet,POSIBLE_FALLA_DSLAM_P,21700,0.1863672,550,21150,0
Q01_25,Nacional,10428163,Desborde_Cabecera,ADEUDO_1Y2,17552,0.1507427,2954,14598,0
Q01_25,Nacional,15070006,RES-ContratacionInfinitum,DEFAULT,17033,0.1462854,4046,12987,0
Q01_25,Nacional,15070007,RES-FallaInternet,ADEUDO22222,15555,0.1335918,244,15311,0
Q01_25,Nacional,10728381,RES-FallaEntretiene,NOBOT,14884,0.127829,4293,10591,0
Q01_25,Nacional,CLIENTE_COLGO,NOTMX-CONT-Contratacion,DEFAULT,13084,0.11237,11770,1314,0
Q01_25,Nacional,10828144,RES-MADT-Detalle,PQ_389,12728,0.1093125,3052,9676,0
Q01_25,Nacional,15070013,RES-FallaInternet,ADEUDO22222,12213,0.1048895,153,12060,0
Q01_25,Nacional,15070020,Desborde_Cabecera,QJA_AB_VOZ_1,11588,0.0995218,405,11183,0
Q01_25,Nacional,14929021,RES-FallasLinea,ML,9551,0.0820273,34,9517,0
Q01_25,Nacional,10728000,RES-FallaInternet,FM_CFE_P,8852,0.0760241,466,8386,0
Q01_25,Nacional,1309013,RES-FallasLinea,CECOR,8688,0.0746156,864,7824,0
Q01_25,Nacional,CLIENTE_COLGO,RES-FallaInternet,ADEUDO22222,8109,0.0696429,106,8003,0
Q01_25,Nacional,15070071,RES_CambioTit,DEFAULT,7868,0.0675731,1165,6703,0
Q01_25,Nacional,10428163,Desborde_Cabecera,MES_2,7152,0.0614239,1088,6064,0
Q01_25,Nacional,10628002,RES_Cambios,DEFAULT,7112,0.0610804,1241,5871,0
Q01_25,Nacional,10728000,RES-FallaInternet,FALLA_AMBAS_P,7058,0.0606166,690,6368,0
Q01_25,Nacional,10928018,Desborde_Cabecera,INCLUENCER,6998,0.0601013,768,6230,0
Q01_25,Nacional,10728000,RES-FallaInternet,FM_ROBO_P,6894,0.0592081,94,6800,0
Q01_25,Nacional,15070012,RES_CambioDom,2L,6625,0.0568978,880,5745,0
Q01_25,Nacional,10928311,Desborde_Cabecera,QJA_ACAPULCO,6572,0.0564426,338,6234,0
Q01_25,Nacional,15070012,RES_Otros,2L,5926,0.0508946,1028,4898,0
Q01_25,Nacional,10228051,RES-FallaInternet,CASE_41,5740,0.0492971,669,5071,0
Q01_25,Nacional,CLIENTE_COLGO,RES-FallasLinea,FM_ROBO_P,5538,0.0475623,29,5509,0
Q01_25,Nacional,15070007,RES-Aparatos,DEFAULT,5522,0.0474249,1407,4115,0
Q01_25,Nacional,10728382,RES-Entr,NOBOT,5015,0.0430706,2215,2800,0
Q01_25,Nacional,10928270,Desborde_Cabecera,ONT_ECANCELA,4783,0.0410781,756,4027,0
Q01_25,Nacional,15070020,Desborde_Cabecera,QJA_AB_VOZ_2,3861,0.0331596,148,3713,0
Q01_25,Nacional,10928031,Desborde_Cabecera,MIGRAFTTH,3651,0.0313561,794,2857,0
Q01_25,Nacional,10828141,RES-FallaInternet,ACUNA,3581,0.0307549,172,3409,0
Q01_25,Nacional,15070012,RES-ContratacionInfinitum,2L,3436,0.0295096,942,2494,0
Q01_25,Nacional,10928137,RES-Falla-AntivirusMcAfee,DEFAULT,3412,0.0293035,928,2484,0
Q01_25,Nacional,10928124,Desborde_Cabecera,VINNETFLIX,3352,0.0287882,248,3104,0
Q01_25,Nacional,CLIENTE_COLGO,RES-ContratacionInfinitum,DEFAULT,3247,0.0278864,706,2541,0
Q01_25,Nacional,15070013,RES-Aparatos,DEFAULT,3221,0.0276631,805,2416,0
Q01_25,Nacional,CLIENTE_COLGO,RES-FallaInternet,FALLA_AMBAS_P,3116,0.0267613,203,2913,0
Q01_25,Nacional,CLIENTE_COLGO,RES-FallaInternet,FM_ROBO_P,2937,0.025224,18,2919,0
Q01_25,Nacional,10228051,RES-FallasLinea,CASE_41,2686,0.0230683,368,2318,0
Q01_25,Nacional,10728000,RES-FallaInternet,FALLA_CENTRAL_P,2595,0.0222868,277,2318,0
Q01_25,Nacional,CLIENTE_COLGO,RES-FallaInternet,FM_CFE_P,2417,0.020758,172,2245,0
Q01_25,Nacional,10928253,RES-FallaSegQja,QJA_AB_VOZ_2,2281,0.01959,51,2230,0
Q01_25,Nacional,10928335,Desborde_Cabecera,BUSTAVILLAL,2253,0.0193496,219,2034,0
Q01_25,Nacional,10928270,RES-FallaInternet,CAMBIONT_NC,2213,0.019006,411,1802,0
Q01_25,Nacional,10928306,Desborde_Cabecera,ECATEPEC_PORTA,2204,0.0189287,755,1449,0
Q01_25,Nacional,CLIENTE_COLGO,RES_CambioDom,DEFAULT,2110,0.0181214,184,1926,0
Q01_25,Nacional,CLIENTE_COLGO,RES_Otros,DEFAULT,2029,0.0174258,303,1726,0
Q01_25,Nacional,15070019,RES-FallasLinea,FM_CFE_P,1984,0.0170393,26,1958,0
Q01_25,Nacional,10928299,RES-FallaInternet,ECATEPEC,1851,0.015897,144,1707,0
Q01_25,Nacional,10928083,Desborde_Cabecera,CASOSDG,1845,0.0158455,211,1634,0
Q01_25,Nacional,15070012,RES-Entr,2L,1778,0.0152701,489,1289,0
Q01_25,Nacional,10928336,Desborde_Cabecera,SABIVALLE,1727,0.0148321,193,1534,0
Q01_25,Nacional,10928334,Desborde_Cabecera,ANALAMCAN,1569,0.0134751,229,1340,0
Q01_25,Nacional,19020046,RES-FallaInternet,SUS_COM,1367,0.0117403,30,1337,0
Q01_25,Nacional,130805596283474,RES-Falla-Dish,DEFAULT,1258,0.0108041,523,735,0
Q01_25,Nacional,11128125,Desborde_Cabecera,RETCOMBO,1099,0.0094386,191,908,0
Q01_25,Nacional,10828144,RES-ContratacionInfinitum,PQ_389,1042,0.0089491,290,752,0
Q01_25,Nacional,130806646350495,RES_CambioDom,CECOR,1019,0.0087515,129,890,0
Q01_25,Nacional,130806646350495,RES-MADT-Detalle,CECOR,988,0.0084853,171,817,0
Q01_25,Nacional,10428105,Desborde_Cabecera,MEGACABLE,924,0.0079356,325,599,0
Q01_25,Nacional,15070012,RES_CambioTit,2L,846,0.0072657,156,690,0
Q01_25,Nacional,CLIENTE_COLGO,RES-Aparatos,DEFAULT,809,0.006948,191,618,0
Q01_25,Nacional,130806646350495,RES_Otros,CECOR,790,0.0067848,176,614,0
Q01_25,Nacional,CASO_NULL,RES_Cambios,DEFAULT,768,0.0065959,118,650,0
Q01_25,Nacional,10828022,RES-FallaInternet,ERMITAT,755,0.0064842,72,683,0
Q01_25,Nacional,11228178,RES-FallaInternet,POT_A_VSI_TDM,659,0.0056597,41,618,0
Q01_25,Nacional,10928253,RES-FallaSegQja,QJA_AB_DAT_2,643,0.0055223,3,640,0
Q01_25,Nacional,10928253,RES-FallaSegQja,QJA_AB_DAT_1,631,0.0054192,1,630,0
Q01_25,Nacional,15070012,RES_Cambios,2L,610,0.0052389,134,476,0
Q01_25,Nacional,10928253,RES-FallaSegQja,QJA_AB_VSI_1,585,0.0050242,1,584,0
Q01_25,Nacional,15070019,RES-FallasLinea,FM_NATURAL_P,584,0.0050156,73,511,0
Q01_25,Nacional,CASO_NULL,RES_CambioTit,DEFAULT,571,0.0049039,60,511,0
Q01_25,Nacional,CLIENTE_COLGO,RES-FallaInternet,FALLA_CENTRAL_P,443,0.0038046,47,396,0
Q01_25,Nacional,309004,RES-SaldooPagos,DEFAULT,408,0.003504,17,391,0
Q01_25,Nacional,10928253,RES-FallaSegQja,QJA_AB_VSI_2,381,0.0032722,5,376,0
Q01_25,Nacional,CLIENTE_COLGO,RES_OcultaVta,DEFAULT,374,0.003212,46,328,0
Q01_25,Nacional,19020049,Desborde_Cabecera,COD_SUSP_7,320,0.0027483,0,320,0
Q01_25,Nacional,1309005,RES-TAE,DEFAULT,282,0.0024219,82,200,0
Q01_25,Nacional,14928960,RES-Falla-MVSHUB,DEFAULT,205,0.0017606,49,156,0
Q01_25,Nacional,10728494,RES-DISH,DEFAULT,199,0.0017091,62,137,0
Q01_25,Nacional,CLIENTE_COLGO,Desborde_Cabecera,QJA_AB_1,185,0.0015888,4,181,0
Q01_25,Nacional,CLIENTE_COLGO,RES_Otros,2L,181,0.0015545,26,155,0
Q01_25,Nacional,CLIENTE_COLGO,RES-Entr,2L,174,0.0014944,43,131,0
Q01_25,Nacional,CLIENTE_COLGO,RES-ContratacionInfinitum,2L,160,0.0013741,28,132,0
Q01_25,Nacional,11228108,RES-ContratacionInfinitum,LAREDO,153,0.001314,30,123,0
Q01_25,Nacional,CASO_NULL,SIN_MENU,SIN_OPCION,151,0.0012968,20,10,121
Q01_25,Nacional,10828073,RES-MADT-MVSHUB,DEFAULT,144,0.0012367,46,98,0
Q01_25,Nacional,1309013,RES_CambioTit,CECOR,141,0.001211,28,113,0
Q01_25,Nacional,10728493,RES-SegurosInbursa,DEFAULT,130,0.0011165,43,87,0
Q01_25,Nacional,130806646350495,RES-ContratacionInfinitum,CECOR,116,0.0009962,27,89,0
Q01_25,Nacional,130806646350495,RES_Cambios,CECOR,108,0.0009275,28,80,0
Q01_25,Nacional,309004,RES-Saldos-WT,DEFAULT,107,0.000919,2,105,0
Q01_25,Nacional,15070006,RES-ClaroDrive,DEFAULT,85,0.00073,23,62,0
Q01_25,Nacional,15070013,RES-StartGo,DEFAULT,80,0.0006871,13,67,0
Q01_25,Nacional,19020086,SIN_MENU,SIN_OPCION,76,0.0006527,6,11,59
Q01_25,Nacional,CLIENTE_COLGO,RES-FallaInternet,DG,67,0.0005754,1,66,0
Q01_25,Nacional,15070036,Desborde_Cabecera,CLIENTESAPP,59,0.0005067,0,59,0
Q01_25,Nacional,CLIENTE_COLGO,RES-FallasLinea,FM,53,0.0004552,0,53,0
Q01_25,Nacional,10528004,Desborde_Cabecera,MEGACABLE,47,0.0004037,8,39,0
Q01_25,Nacional,10828094,Desborde_Cabecera,RETARGETING,44,0.0003779,1,43,0
Q01_25,Nacional,15070006,RES-StartGo,DEFAULT,42,0.0003607,12,30,0
Q01_25,Nacional,309013,RES-FallaInternet,CECOR,35,0.0003006,0,35,0
Q01_25,Nacional,15070019,RES-FallaInternet,PARO_RELOJ,31,0.0002662,1,30,0
Q01_25,Nacional,CLIENTE_COLGO,RES_Cambios,2L,26,0.0002233,4,22,0
Q01_25,Nacional,10928253,RES-FallaSegQja,QJA_AB_VOZ_1,17,0.000146,0,17,0
Q01_25,Nacional,10128025,RES-ContratacionInfinitum,SUS_COM,14,0.0001202,1,13,0
Q01_25,Nacional,10828081,RES-FallaInternet,DEFAULT,14,0.0001202,0,14,0
Q01_25,Nacional,CLIENTE_COLGO,RES-FallaInternet,FM,14,0.0001202,1,13,0
Q01_25,Nacional,CLIENTE_COLGO,Desborde_Cabecera,ECATEPEC_4hrs,12,0.0001031,0,12,0
Q01_25,Nacional,CLIENTE_COLGO,RES-SegurosInbursa,DEFAULT,11,9.45e-05,5,6,0
Q01_25,Nacional,CLIENTE_COLGO,RES-DISH,DEFAULT,8,6.87e-05,2,6,0
Q01_25,Nacional,309013,RES-FallasLinea,CECOR,7,6.01e-05,0,7,0
Q01_25,Nacional,CASO_NULL,Desborde_Cabecera,QJA_AB_2,7,6.01e-05,0,7,0
Q01_25,Nacional,CLIENTE_COLGO,RES-StartGo,DEFAULT,4,3.44e-05,0,4,0
Q01_25,Nacional,CASO_NULL,Desborde_Cabecera,QJA_AB_DAT_2,3,2.58e-05,0,3,0
Q01_25,Nacional,130806646350495,RES-SegurosInbursa,CECOR,2,1.72e-05,0,2,0
Q01_25,Nacional,CLIENTE_COLGO,Desborde_Cabecera,BLACKLIST,2,1.72e-05,0,2,0
Q01_25,Nacional,CLIENTE_COLGO,NOTMX-SeguimientoInstalacion,SIN_OPCION,2,1.72e-05,2,0,0
Q01_25,Nacional,130806646350495,RES-DISH,CECOR,1,8.6e-06,0,1,0
Q01_25,Nacional,130806646350495,RES-TAE,CECOR,1,8.6e-06,0,1,0
Q01_25,Nacional,30806646350495,RES_CambioDom,CECOR,1,8.6e-06,0,1,0
Q01_25,Nacional,CASO_NULL,Desborde_Cabecera,VINNETFLIX,1,8.6e-06,1,0,0
Q01_25,Nacional,CASO_NULL,RES-FallasLinea,FM_ROBO_P,1,8.6e-06,0,1,0
Q01_25,Nacional,CLIENTE_COLGO,RES-ClaroDrive,DEFAULT,1,8.6e-06,0,1,0
Q01_25,Nacional,CLIENTE_COLGO,RES-FallaSegQja,SIN_OPCION,1,8.6e-06,0,1,0
Q01_25,Nacional,CLIENTE_COLGO,RES-MADT-Detalle,SIN_OPCION,1,8.6e-06,0,1,0
Q01_25,Nacional,CLIENTE_COLGO,RES-SaldooPagos,SIN_OPCION,1,8.6e-06,0,1,0
Q01_25,Puebla,19020086,cliente_colgo,SIN_OPCION,117215,1.0066835,8171,14672,94372
Q01_25,Puebla,10828091,RES-Fallas_2024,VSI,55582,0.4773577,5692,49890,0
Q01_25,Puebla,15070019,RES-Fallas_2024,DEFAULT,50226,0.4313585,2364,47844,18
Q01_25,Puebla,10728487,NOTMX-SeguimientoInstalacion,DEFAULT,40515,0.347957,35224,5291,0
Q01_25,Puebla,309004,RES-SaldosPagos_2024,DEFAULT,39400,0.338381,7484,31910,6
Q01_25,Puebla,CLIENTE_COLGO,SIN_MENU,SIN_OPCION,38732,0.332644,28737,9594,401
Q01_25,Puebla,15070013,RES-ContratacionInfinitum_2024,DEFAULT,34141,0.2932149,4969,29170,2
Q01_25,Puebla,15070006,RES-ContratacionInfinitum_2024,DEFAULT,24307,0.208757,3032,21267,8
Q01_25,Puebla,19020086,SinOpcion_Cabecera,SIN_OPCION,18211,0.1564025,106,1794,16311
Q01_25,Puebla,15070059,NOTMX-CONT-Contratacion,DEFAULT,15424,0.1324667,13926,1498,0
Q01_25,Puebla,10428174,Desborde_Cabecera,TELVICOBRA,15207,0.1306031,1491,13716,0
Q01_25,Puebla,19020086,Marque3,SIN_OPCION,13687,0.1175488,158,1547,11982
Q01_25,Puebla,CLIENTE_COLGO,Desborde_Cabecera,QJA_AB_1,9074,0.0779307,132,8942,0
Q01_25,Puebla,10828091,RES-FallaInternet_2024,DEFAULT,8470,0.0727433,723,7747,0
Q01_25,Puebla,10728487,RES-SegInst_2024,DEFAULT,5446,0.0467722,613,4831,2
Q01_25,Puebla,10728485,NOTMX-CONT-Portabilidad,DEFAULT,5416,0.0465145,4891,525,0
Q01_25,Puebla,CLIENTE_COLGO,RES-ContratacionInfinitum_2024,DEFAULT,5165,0.0443588,599,4566,0
Q01_25,Puebla,19020086,Desborde_Promocional,SIN_OPCION,3228,0.0277232,1357,1871,0
Q01_25,Puebla,19010000,RES-FallaInternet_2024,DEFAULT,3094,0.0265724,273,2821,0
Q01_25,Puebla,10728000,RES-Fallas_2024,FALLA_AMBAS_P,1945,0.0167043,42,1903,0
Q01_25,Puebla,11028186,Desborde_Cabecera,VINNETFLIX,1783,0.015313,89,1694,0
Q01_25,Puebla,14928994,Desborde_Cabecera,TELECOBRA,1635,0.014042,66,1569,0
Q01_25,Puebla,10928253,Desborde_Cabecera,QJA_AB_DAT_1,1233,0.0105894,8,1225,0
Q01_25,Puebla,15070019,RES-Fallas_2024,FM_CFE_P,1204,0.0103404,12,1192,0
Q01_25,Puebla,10428163,Desborde_Cabecera,MES_1,1124,0.0096533,169,955,0
Q01_25,Puebla,14929014,NOTMX-CONT-Portabilidad,DEFAULT,965,0.0082878,774,191,0
Q01_25,Puebla,CLIENTE_COLGO,NOTMX-CONT-Contratacion,DEFAULT,778,0.0066817,676,102,0
Q01_25,Puebla,10428163,Desborde_Cabecera,ADEUDO_1Y2,553,0.0047494,70,483,0
Q01_25,Puebla,CLIENTE_COLGO,RES-Fallas_2024,FALLA_AMBAS_P,533,0.0045776,11,522,0
Q01_25,Puebla,10428163,Desborde_Cabecera,MES_2,284,0.0024391,37,247,0
Q01_25,Puebla,CLIENTE_COLGO,Desborde_Cabecera,QJA_AB_DAT_2,224,0.0019238,7,217,0
Q01_25,Puebla,10928299,Desborde_Cabecera,ECATEPEC,205,0.0017606,17,188,0
Q01_25,Puebla,10928253,Desborde_Cabecera,QJA_AB_VSI_1,197,0.0016919,2,195,0
Q01_25,Puebla,15070019,RES-FallaInternet_2024,FM_CFE_P,188,0.0016146,0,188,0
Q01_25,Puebla,10928124,Desborde_Cabecera,VINNETFLIX,181,0.0015545,7,174,0
Q01_25,Puebla,10928253,Desborde_Cabecera,QJA_AB_3,163,0.0013999,1,162,0
Q01_25,Puebla,CLIENTE_COLGO,Desborde_Cabecera,QJA_AB_2,159,0.0013655,3,156,0
Q01_25,Puebla,10928018,Desborde_Cabecera,INCLUENCER,133,0.0011423,18,115,0
Q01_25,Puebla,10928031,Desborde_Cabecera,MIGRAFTTH,132,0.0011337,10,122,0
Q01_25,Puebla,10728000,RES-FallaInternet_2024,FALLA_AMBAS_P,76,0.0006527,6,70,0
Q01_25,Puebla,10428105,Desborde_Cabecera,MEGACABLE,74,0.0006355,19,55,0
Q01_25,Puebla,19020076,Desborde_Cabecera,ECATEPEC_FM,68,0.000584,0,68,0
Q01_25,Puebla,CLIENTE_COLGO,Desborde_Cabecera,QJA_AB_VSI_2,68,0.000584,4,64,0
Q01_25,Puebla,15070020,Desborde_Cabecera,QJA_AB_VOZ_2,66,0.0005668,0,66,0
Q01_25,Puebla,19020078,Desborde_Cabecera,ECATEPEC_QJA,65,0.0005582,5,60,0
Q01_25,Puebla,10928270,Desborde_Cabecera,ONT_ECANCELA,55,0.0004724,8,47,0
Q01_25,Puebla,10928083,Desborde_Cabecera,CASOSDG,48,0.0004122,6,42,0
Q01_25,Puebla,15070020,Desborde_Cabecera,QJA_AB_VOZ_1,42,0.0003607,3,39,0
Q01_25,Puebla,10928311,Desborde_Cabecera,QJA_ACAPULCO,39,0.0003349,0,39,0
Q01_25,Puebla,11128125,Desborde_Cabecera,RETCOMBO,24,0.0002061,4,20,0
Q01_25,Puebla,CLIENTE_COLGO,RES-FallaInternet_2024,FALLA_AMBAS_P,14,0.0001202,1,13,0
Q01_25,Puebla,10728000,RES-Fallas_2024,FALLA_CENTRAL_P,13,0.0001116,1,12,0
Q01_25,Puebla,CASO_NULL,SIN_MENU,SIN_OPCION,12,0.0001031,0,0,12
Q01_25,Puebla,10728000,RES-FallaInternet_2024,FALLA_CENTRAL_P,5,4.29e-05,0,5,0
Q01_25,Puebla,10928306,Desborde_Cabecera,ECATEPEC_PORTA,3,2.58e-05,1,2,0
Q01_25,Puebla,CLIENTE_COLGO,RES-Fallas_2024,FALLA_CENTRAL_P,3,2.58e-05,0,3,0
Q01_25,Puebla,10528004,Desborde_Cabecera,MEGACABLE,2,1.72e-05,0,2,0
Q01_25,Puebla,10928334,Desborde_Cabecera,ANALAMCAN,1,8.6e-06,1,0,0
Q01_25,Puebla,10928335,Desborde_Cabecera,BUSTAVILLAL,1,8.6e-06,0,1,0
Q01_25,Puebla,15070019,RES-Fallas_2024,PARO_RELOJ,1,8.6e-06,0,1,0
Q01_25,Puebla,19020049,Desborde_Cabecera,COD_SUSP_7,1,8.6e-06,0,1,0
Q01_25,Puebla,CLIENTE_COLGO,RES-SaldosPagos_2024,SIN_OPCION,1,8.6e-06,0,1,0
Q02_25,Nacional,19020086,cliente_colgo,SIN_OPCION,2752431,20.2200645,246870,381517,2124044
Q02_25,Nacional,CLIENTE_COLGO,SIN_MENU,SIN_OPCION,1117134,8.206753,676391,440168,575
Q02_25,Nacional,19010000,RES_FALLA_STOP,DEFAULT,802032,5.8919329,20442,781590,0
Q02_25,Nacional,19020088,NOTMX-SeguimientoInstalacion,DEFAULT,721520,5.3004711,655756,65764,0
Q02_25,Nacional,10828091,RES-FallaInternet,DEFAULT,540366,3.9696673,78277,462088,1
Q02_25,Nacional,10728487,NOTMX-SeguimientoInstalacion,DEFAULT,510008,3.7466496,462449,47559,0
Q02_25,Nacional,15070013,RES-MADT-Detalle,DEFAULT,460804,3.3851844,102203,358599,2
Q02_25,Nacional,10428174,Desborde_Cabecera,TELVICOBRA,449801,3.3043536,58868,390933,0
Q02_25,Nacional,19020086,SinOpcion_Cabecera,SIN_OPCION,418662,3.0755985,0,0,418662
Q02_25,Nacional,19020086,Desborde_Promocional,SIN_OPCION,381962,2.8059909,234257,147705,0
Q02_25,Nacional,19010000,RES-FallaInternet,DEFAULT,348050,2.5568646,50394,297655,1
Q02_25,Nacional,15070059,NOTMX-CONT-Contratacion,DEFAULT,323074,2.3733845,292307,30767,0
Q02_25,Nacional,309004,RES-SaldooPagos,DEFAULT,282335,2.0741054,72795,209540,0
Q02_25,Nacional,19020086,Marque3,SIN_OPCION,258940,1.9022397,0,0,258940
Q02_25,Nacional,CLIENTE_COLGO,Desborde_Cabecera,QJA_AB_1,232865,1.710686,6610,226255,0
Q02_25,Nacional,15070013,NoTMX_SinOp,NoTMX_SinOp,186412,1.3694304,174489,11923,0
Q02_25,Nacional,15070019,RES-FallasLinea,DEFAULT,181100,1.3304071,28196,152904,0
Q02_25,Nacional,10928253,Desborde_Cabecera,QJA_DAT_ROJA,174025,1.2784323,3359,170666,0
Q02_25,Nacional,10928253,Desborde_Cabecera,QJA_AB_DAT_1,157151,1.1544716,3491,153660,0
Q02_25,Nacional,1309004,RES-SaldooPagos,DEFAULT,155601,1.1430849,34895,120706,0
Q02_25,Nacional,14929014,NOTMX-CONT-Portabilidad,DEFAULT,145199,1.0666691,131135,14064,0
Q02_25,Nacional,10828091,RES-FallaInternet,NOBOT,127074,0.9335182,30943,96131,0
Q02_25,Nacional,CLIENTE_COLGO,MASI_RepiteBoleta,DEFAULT,106534,0.7826261,2532,104002,0
Q02_25,Nacional,10928253,RES-FallaSegQja,DEFAULT,94988,0.6978062,16055,78933,0
Q02_25,Nacional,10728009,RES-AsistenciaTelmexcom,DEFAULT,93847,0.6894241,23367,70480,0
Q02_25,Nacional,10728382,RES-Entr,DEFAULT,90531,0.665064,20785,69746,0
Q02_25,Nacional,19010000,RES-FallasLinea,DEFAULT,86605,0.6362226,12244,74361,0
Q02_25,Nacional,14928994,Desborde_Cabecera,TELECOBRA,84688,0.6221398,6282,78406,0
Q02_25,Nacional,10928253,Desborde_Cabecera,QJA_AB_VSI_1,84557,0.6211774,944,83613,0
Q02_25,Nacional,CLIENTE_COLGO,Desborde_Cabecera,QJA_DAT_VERDE,73582,0.5405523,2274,71308,0
Q02_25,Nacional,15070006,RES-ContratacionInfinitum_FM,DEFAULT,71062,0.5220397,1766,69296,0
Q02_25,Nacional,10928253,Desborde_Cabecera,QJA_VSI_ROJA,69354,0.5094923,729,68625,0
Q02_25,Nacional,15070004,RES_CambioDom,DEFAULT,63049,0.4631741,6714,56335,0
Q02_25,Nacional,15070002,RES_Otros,DEFAULT,60790,0.4465789,12898,47892,0
Q02_25,Nacional,CLIENTE_COLGO,Desborde_Cabecera,QJA_AB_2,57766,0.4243639,1181,56585,0
Q02_25,Nacional,CLIENTE_COLGO,Desborde_Cabecera,QJA_AB_DAT_2,57131,0.419699,2004,55127,0
Q02_25,Nacional,309004,RES-Saldos-WT,DEFAULT,51291,0.3767968,12134,39157,0
Q02_25,Nacional,10728381,RES-FallaEntretiene,DEFAULT,46598,0.3423209,9727,36871,0
Q02_25,Nacional,15070006,RES-ContratacionInfinitum,DEFAULT,45274,0.3325944,12182,33092,0
Q02_25,Nacional,11028186,Desborde_Cabecera,VINNETFLIX,42094,0.3092333,3775,38319,0
Q02_25,Nacional,10828091,RES-FallaInternet,POSIBLE_FALLA_DSLAM_P,40701,0.299,2397,38304,0
Q02_25,Nacional,19020033,RES-FallaEntretiene,DEFAULT,37591,0.2761531,7966,29625,0
Q02_25,Nacional,1309004,RES-Saldos-WT,DEFAULT,34958,0.2568104,5584,29374,0
Q02_25,Nacional,10628031,Desborde_Cabecera,FO_2222,34234,0.2514917,4098,30136,0
Q02_25,Nacional,10928253,Desborde_Cabecera,QJA_AB_3,33894,0.248994,958,32936,0
Q02_25,Nacional,10528004,Desborde_Cabecera,MEGACABLE,32923,0.2418608,3209,29714,0
Q02_25,Nacional,15070012,RES-MADT-Detalle,2L,31827,0.2338093,7449,24378,0
Q02_25,Nacional,CLIENTE_COLGO,Desborde_Cabecera,QJA_VSI_VERDE,30153,0.2215117,780,29373,0
Q02_25,Nacional,10928354,Desborde_Cabecera,MITELMEX,28997,0.2130194,4806,24191,0
Q02_25,Nacional,CLIENTE_COLGO,Desborde_Cabecera,QJA_AB_VSI_2,23881,0.175436,671,23210,0
Q02_25,Nacional,CLIENTE_COLGO,RES-MADT-Detalle,DEFAULT,23188,0.170345,4421,18767,0
Q02_25,Nacional,10928253,Desborde_Cabecera,QJA_DAT_AMBAR,22050,0.161985,661,21389,0
Q02_25,Nacional,14928987,Desborde_Cabecera,COBRA_2BGLOBAL,21453,0.1575992,1731,19722,0
Q02_25,Nacional,14928989,Desborde_Cabecera,COBRA_2WS,19542,0.1435605,1241,18301,0
Q02_25,Nacional,10428163,Desborde_Cabecera,MES_1,16397,0.1204566,3093,13304,0
Q02_25,Nacional,10728381,RES-FallaEntretiene,NOBOT,16085,0.1181645,5279,10806,0
Q02_25,Nacional,CLIENTE_COLGO,NOTMX-CONT-Contratacion,DEFAULT,15666,0.1150865,13822,1844,0
Q02_25,Nacional,10928299,Desborde_Cabecera,ECATEPEC,15221,0.1118174,3442,11779,0
Q02_25,Nacional,10728000,RES-FallaInternet,POSIBLE_FALLA_DSLAM_P,14608,0.1073141,481,14127,0
Q02_25,Nacional,14928985,Desborde_Cabecera,COBRA_CMG,13444,0.0987631,1297,12147,0
Q02_25,Nacional,11128116,Desborde_Cabecera,RET_PLAN50,11287,0.0829172,645,10642,0
Q02_25,Nacional,309004,RES-SaldosPagos_FM,DEFAULT,10200,0.0749318,194,10006,0
Q02_25,Nacional,15070020,Desborde_Cabecera,QJA_AB_VOZ_1,9622,0.0706857,329,9293,0
Q02_25,Nacional,309013,RES-FallaInternet,CECOR,9560,0.0702302,1867,7693,0
Q02_25,Nacional,10928253,Desborde_Cabecera,QJA_VSI_AMBAR,9224,0.0677619,149,9075,0
Q02_25,Nacional,1309013,RES-FallaInternet,CECOR,8881,0.0652421,888,7993,0
Q02_25,Nacional,14929021,RES-FallasLinea,ML,8055,0.0591741,40,8015,0
Q02_25,Nacional,10828144,RES-MADT-Detalle,PQ_389,8021,0.0589243,2154,5867,0
Q02_25,Nacional,10928270,Desborde_Cabecera,CONECTAM,7945,0.058366,1018,6927,0
Q02_25,Nacional,10928018,Desborde_Cabecera,INCLUENCER,7652,0.0562136,749,6903,0
Q02_25,Nacional,CLIENTE_COLGO,Desborde_Cabecera,QJA_VOZ_VERDE,7644,0.0561548,236,7408,0
Q02_25,Nacional,10628002,RES_Cambios,DEFAULT,7279,0.0534734,1463,5816,0
Q02_25,Nacional,15070020,Desborde_Cabecera,QJA_VOZ_ROJA,6854,0.0503512,259,6595,0
Q02_25,Nacional,15070071,RES_CambioTit,DEFAULT,6845,0.0502851,1103,5742,0
Q02_25,Nacional,19020078,Desborde_Cabecera,ECATEPEC_QJA,6617,0.0486102,419,6198,0
Q02_25,Nacional,10728382,RES-Entr,NOBOT,5919,0.0434825,2703,3216,0
Q02_25,Nacional,10928124,Desborde_Cabecera,VINNETFLIX,5198,0.0381858,350,4848,0
Q02_25,Nacional,10928316,Desborde_Cabecera,PRODIGY_MAIL,5183,0.0380756,1975,3208,0
Q02_25,Nacional,10428163,Desborde_Cabecera,MES_2,4917,0.0361215,806,4111,0
Q02_25,Nacional,15070012,RES_Otros,2L,4767,0.0350196,1074,3693,0
Q02_25,Nacional,15070012,RES_CambioDom,2L,4680,0.0343805,842,3838,0
Q02_25,Nacional,14928951,RES-MADT-Detalle,DEFAULT,4580,0.0336459,950,3630,0
Q02_25,Nacional,15070007,RES-Aparatos,DEFAULT,4321,0.0317432,1174,3147,0
Q02_25,Nacional,309013,RES-FallasLinea,CECOR,4145,0.0304502,543,3602,0
Q02_25,Nacional,10928311,Desborde_Cabecera,QJA_ACAPULCO,4119,0.0302592,257,3862,0
Q02_25,Nacional,15070020,Desborde_Cabecera,QJA_AB_VOZ_2,4000,0.029385,157,3843,0
Q02_25,Nacional,10228051,RES-FallaInternet,CASE_41,3968,0.0291499,753,3215,0
Q02_25,Nacional,15070013,RES-Aparatos,DEFAULT,3953,0.0290398,1082,2871,0
Q02_25,Nacional,10928270,Desborde_Cabecera,ONT_ECANCELA,3837,0.0281876,511,3326,0
Q02_25,Nacional,10828091,RES-FallaInternet,FM_CFE_P,3765,0.0276587,242,3523,0
Q02_25,Nacional,CLIENTE_COLGO,RES-FallaInternet,POSIBLE_FALLA_DSLAM_P,3758,0.0276072,126,3632,0
Q02_25,Nacional,15070013,RES-FallaInternet,ADEUDO22222,3582,0.0263143,41,3541,0
Q02_25,Nacional,15070007,RES-FallaInternet,ADEUDO22222,3243,0.0238239,68,3175,0
Q02_25,Nacional,15070012,RES-ContratacionInfinitum,2L,3201,0.0235154,923,2278,0
Q02_25,Nacional,10928137,RES-Falla-AntivirusMcAfee,DEFAULT,3178,0.0233464,903,2275,0
Q02_25,Nacional,10828091,RES-FallaInternet,FALLA_AMBAS_P,3134,0.0230232,330,2804,0
Q02_25,Nacional,10828091,RES-FallaInternet,FM_ROBO_P,2472,0.0181599,33,2439,0
Q02_25,Nacional,1309013,RES-FallasLinea,CECOR,2470,0.0181453,285,2185,0
Q02_25,Nacional,10828141,RES-FallaInternet,ACUNA,2416,0.0177486,144,2272,0
Q02_25,Nacional,10428163,Desborde_Cabecera,ADEUDO_1Y2,2212,0.0162499,227,1985,0
Q02_25,Nacional,10228051,RES-FallasLinea,CASE_41,2078,0.0152655,313,1765,0
Q02_25,Nacional,15070012,RES-Entr,2L,1940,0.0142517,557,1383,0
Q02_25,Nacional,10928270,RES-FallaInternet,CAMBIONT_NC,1913,0.0140534,451,1462,0
Q02_25,Nacional,10928083,Desborde_Cabecera,CASOSDG,1872,0.0137522,176,1696,0
Q02_25,Nacional,CLIENTE_COLGO,RES-FallaInternet,ADEUDO22222,1870,0.0137375,18,1852,0
Q02_25,Nacional,CLIENTE_COLGO,RES_CambioDom,DEFAULT,1857,0.013642,171,1686,0
Q02_25,Nacional,CLIENTE_COLGO,RES_Otros,DEFAULT,1855,0.0136273,337,1518,0
Q02_25,Nacional,19020076,Desborde_Cabecera,ECATEPEC_FM,1809,0.0132894,122,1687,0
Q02_25,Nacional,15070020,Desborde_Cabecera,QJA_VOZ_AMBAR,1583,0.0116291,49,1534,0
Q02_25,Nacional,15070019,RES-FallasLinea,FM_ROBO_P,1332,0.0097852,32,1300,0
Q02_25,Nacional,10928271,Desborde_Cabecera,ENVIOONT_ENT,1170,0.0085951,166,1004,0
Q02_25,Nacional,10928253,RES-FallaSegQja,QJA_AB_DAT_2,1155,0.0084849,19,1136,0
Q02_25,Nacional,10928031,Desborde_Cabecera,MIGRAFTTH,1119,0.0082205,203,916,0
Q02_25,Nacional,10928253,RES-FallaSegQja,QJA_AB_VOZ_2,1094,0.0080368,24,1070,0
Q02_25,Nacional,10928098,RES-FallaInternet,ONT_AUTOA,1022,0.0075079,214,808,0
Q02_25,Nacional,11128125,Desborde_Cabecera,RETCOMBO,1020,0.0074932,200,820,0
Q02_25,Nacional,10728000,RES-FallaInternet,FM_CFE_P,999,0.0073389,29,970,0
Q02_25,Nacional,10728000,RES-FallaInternet,FALLA_AMBAS_P,979,0.007192,54,925,0
Q02_25,Nacional,10728000,RES-FallaInternet,FM_ROBO_P,912,0.0066998,6,906,0
Q02_25,Nacional,10828144,RES-ContratacionInfinitum,PQ_389,784,0.0057595,222,562,0
Q02_25,Nacional,19020046,RES-FallaInternet,SUS_COM,771,0.005664,45,726,0
Q02_25,Nacional,14928986,Desborde_Cabecera,COBRA_MUNIOZ,764,0.0056125,61,703,0
Q02_25,Nacional,CASO_NULL,RES_Cambios,DEFAULT,755,0.0055464,117,638,0
Q02_25,Nacional,CLIENTE_COLGO,RES-Aparatos,DEFAULT,755,0.0055464,187,568,0
Q02_25,Nacional,30806646350495,RES-MADT-Detalle,CECOR,753,0.0055317,132,621,0
Q02_25,Nacional,15070012,RES_CambioTit,2L,738,0.0054215,148,590,0
Q02_25,Nacional,CLIENTE_COLGO,RES-FallasLinea,FM_ROBO_P,699,0.005135,2,697,0
Q02_25,Nacional,15070019,RES-FallasLinea,FM_CFE_P,696,0.005113,45,651,0
Q02_25,Nacional,10928253,RES-FallaSegQja,QJA_AB_VSI_2,640,0.0047016,26,614,0
Q02_25,Nacional,30805596283474,RES-Falla-Dish,DEFAULT,628,0.0046134,276,352,0
Q02_25,Nacional,CASO_NULL,RES_CambioTit,DEFAULT,533,0.0039156,84,449,0
Q02_25,Nacional,10828091,RES-FallaInternet,FALLA_CENTRAL_P,530,0.0038935,83,447,0
Q02_25,Nacional,15070012,RES_Cambios,2L,502,0.0036878,140,362,0
Q02_25,Nacional,30806646350495,RES_CambioDom,CECOR,485,0.0035629,73,412,0
Q02_25,Nacional,11228178,RES-FallaInternet,POT_A_VSI_TDM,483,0.0035482,42,441,0
Q02_25,Nacional,10928335,Desborde_Cabecera,BUSTAVILLAL,455,0.0033425,41,414,0
Q02_25,Nacional,CASO_NULL,SIN_MENU,SIN_OPCION,445,0.0032691,1,3,441
Q02_25,Nacional,10928334,Desborde_Cabecera,ANALAMCAN,442,0.003247,63,379,0
Q02_25,Nacional,30806646350495,RES_Otros,CECOR,437,0.0032103,80,357,0
Q02_25,Nacional,130805596283474,RES-Falla-Dish,DEFAULT,398,0.0029238,163,235,0
Q02_25,Nacional,CLIENTE_COLGO,RES-FallaInternet,FM_ROBO_P,394,0.0028944,2,392,0
Q02_25,Nacional,11228110,RES-SaldooPagos,UPSELL_350MB,372,0.0027328,121,251,0
Q02_25,Nacional,10928336,Desborde_Cabecera,SABIVALLE,361,0.002652,37,324,0
Q02_25,Nacional,CLIENTE_COLGO,RES-FallaInternet,FM_CFE_P,357,0.0026226,13,344,0
Q02_25,Nacional,CLIENTE_COLGO,RES-FallaInternet,FALLA_AMBAS_P,348,0.0025565,14,334,0
Q02_25,Nacional,CLIENTE_COLGO,RES_OcultaVta,DEFAULT,340,0.0024977,30,310,0
Q02_25,Nacional,130806646350495,RES-MADT-Detalle,CECOR,305,0.0022406,66,239,0
Q02_25,Nacional,10928306,Desborde_Cabecera,ECATEPEC_PORTA,294,0.0021598,81,213,0
Q02_25,Nacional,130806646350495,RES_CambioDom,CECOR,286,0.002101,40,246,0
Q02_25,Nacional,309005,RES-TAE,DEFAULT,253,0.0018586,93,160,0
Q02_25,Nacional,130806646350495,RES_Otros,CECOR,224,0.0016456,49,175,0
Q02_25,Nacional,10928253,RES-FallaSegQja,QJA_AB_DAT_1,213,0.0015648,2,211,0
Q02_25,Nacional,14928960,RES-Falla-MVSHUB,DEFAULT,211,0.0015501,54,157,0
Q02_25,Nacional,CLIENTE_COLGO,RES-Entr,2L,192,0.0014105,32,160,0
Q02_25,Nacional,10928299,RES-FallaInternet,ECATEPEC,181,0.0013297,13,168,0
Q02_25,Nacional,15070006,RES-StartGo,DEFAULT,178,0.0013076,45,133,0
Q02_25,Nacional,10928177,RES-FallaInternet,ONT_AUTOA_B2,161,0.0011827,27,134,0
Q02_25,Nacional,10928253,RES-FallaSegQja,QJA_AB_VSI_1,161,0.0011827,0,161,0
Q02_25,Nacional,CLIENTE_COLGO,RES_Otros,2L,160,0.0011754,21,139,0
Q02_25,Nacional,10728000,RES-FallaInternet,FALLA_CENTRAL_P,146,0.0010726,10,136,0
Q02_25,Nacional,CLIENTE_COLGO,RES-ContratacionInfinitum,2L,145,0.0010652,25,120,0
Q02_25,Nacional,10728494,RES-DISH,DEFAULT,144,0.0010579,53,91,0
Q02_25,Nacional,10728493,RES-SegurosInbursa,DEFAULT,137,0.0010064,53,84,0
Q02_25,Nacional,10828073,RES-MADT-MVSHUB,DEFAULT,136,0.0009991,50,86,0
Q02_25,Nacional,1309004,RES-SaldosPagos_FM,DEFAULT,101,0.000742,1,100,0
Q02_25,Nacional,1309005,RES-TAE,DEFAULT,91,0.0006685,22,69,0
Q02_25,Nacional,10928177,Desborde_Cabecera,ONT_AUTOA_B2,85,0.0006244,6,79,0
Q02_25,Nacional,19020049,Desborde_Cabecera,COD_SUSP_7,82,0.0006024,0,82,0
Q02_25,Nacional,309013,RES_CambioTit,CECOR,77,0.0005657,21,56,0
Q02_25,Nacional,15070006,RES-ClaroDrive,DEFAULT,69,0.0005069,30,39,0
Q02_25,Nacional,30806646350495,RES-ContratacionInfinitum,CECOR,67,0.0004922,15,52,0
Q02_25,Nacional,15070019,RES-FallasLinea,FM_NATURAL_P,62,0.0004555,11,51,0
Q02_25,Nacional,CLIENTE_COLGO,RES-FallasLinea,FM,62,0.0004555,2,60,0
Q02_25,Nacional,15070019,RES-FallaInternet,PARO_RELOJ,58,0.0004261,0,58,0
Q02_25,Nacional,30806646350495,RES_Cambios,CECOR,54,0.0003967,10,44,0
Q02_25,Nacional,130806646350495,RES-ContratacionInfinitum,CECOR,53,0.0003894,18,35,0
Q02_25,Nacional,CLIENTE_COLGO,RES-FallaInternet,DG,51,0.0003747,2,49,0
Q02_25,Nacional,14928951,RES-FallaInternet,ADEUDO22222,50,0.0003673,2,48,0
Q02_25,Nacional,1309013,RES_CambioTit,CECOR,40,0.0002939,10,30,0
Q02_25,Nacional,130806646350495,RES_Cambios,CECOR,34,0.0002498,4,30,0
Q02_25,Nacional,CLIENTE_COLGO,RES_Cambios,2L,32,0.0002351,5,27,0
Q02_25,Nacional,11228108,RES-ContratacionInfinitum,LAREDO,31,0.0002277,5,26,0
Q02_25,Nacional,14928951,RES-Aparatos,DEFAULT,28,0.0002057,2,26,0
Q02_25,Nacional,11228110,RES-ContratacionInfinitum,UPSELL_350MB,20,0.0001469,6,14,0
Q02_25,Nacional,CLIENTE_COLGO,RES-FallaInternet,FALLA_CENTRAL_P,20,0.0001469,0,20,0
Q02_25,Nacional,CLIENTE_COLGO,RES-DISH,DEFAULT,13,9.55e-05,4,9,0
Q02_25,Nacional,10128025,RES-ContratacionInfinitum,SUS_COM,12,8.82e-05,1,11,0
Q02_25,Nacional,CLIENTE_COLGO,RES-FallaInternet,FM,12,8.82e-05,0,12,0
Q02_25,Nacional,10928253,RES-FallaSegQja,QJA_AB_VOZ_1,10,7.35e-05,1,9,0
Q02_25,Nacional,CLIENTE_COLGO,RES-SegurosInbursa,DEFAULT,9,6.61e-05,3,6,0
Q02_25,Nacional,10828094,Desborde_Cabecera,RETARGETING,7,5.14e-05,0,7,0
Q02_25,Nacional,15070036,Desborde_Cabecera,CLIENTESAPP,6,4.41e-05,0,6,0
Q02_25,Nacional,309004,MASI_RepiteBoleta,DEFAULT,5,3.67e-05,0,5,0
Q02_25,Nacional,CLIENTE_COLGO,RES-ClaroDrive,DEFAULT,3,2.2e-05,1,2,0
Q02_25,Nacional,2309004,RES-SaldooPagos,DEFAULT,2,1.47e-05,0,2,0
Q02_25,Nacional,CLIENTE_COLGO,Desborde_Cabecera,QJA_DAT_AMBAR,2,1.47e-05,0,2,0
Q02_25,Nacional,10428174,SIN_MENU,TELVICOBRA,1,7.3e-06,0,1,0
Q02_25,Nacional,130806646350495,RES-TAE,CECOR,1,7.3e-06,1,0,0
Q02_25,Nacional,30806646350495,RES-DISH,CECOR,1,7.3e-06,0,1,0
Q02_25,Nacional,CASO_NULL,RES-FallaInternet,DG,1,7.3e-06,0,1,0
Q02_25,Nacional,CLIENTE_COLGO,Desborde_Cabecera,PRODIGY_MAIL,1,7.3e-06,0,1,0
Q02_25,Nacional,CLIENTE_COLGO,NOTMX-SeguimientoInstalacion,SIN_OPCION,1,7.3e-06,1,0,0
Q02_25,Nacional,CLIENTE_COLGO,RES-AsistenciaTelmexcom,SIN_OPCION,1,7.3e-06,0,1,0
Q02_25,Puebla,19020086,cliente_colgo,SIN_OPCION,122636,0.9009155,3702,8153,110781
Q02_25,Puebla,19010000,RES_FALLA_STOP,DEFAULT,60916,0.4475046,657,60259,0
Q02_25,Puebla,15070006,RES-ContratacionInfinitum_2024,DEFAULT,48199,0.3540822,7414,40781,4
Q02_25,Puebla,10828091,RES-Fallas_2024,VSI,44692,0.3283189,7476,37216,0
Q02_25,Puebla,309004,RES-SaldosPagos_2024,DEFAULT,43591,0.3202307,8320,35270,1
Q02_25,Puebla,15070019,RES-Fallas_2024,DEFAULT,41136,0.3021956,3644,37487,5
Q02_25,Puebla,19020086,SinOpcion_Cabecera,SIN_OPCION,38973,0.2863057,654,5186,33133
Q02_25,Puebla,10428174,Desborde_Cabecera,TELVICOBRA,37910,0.2784966,3390,34520,0
Q02_25,Puebla,19020086,Numero Telmex,SIN_OPCION,25872,0.1900624,3535,8397,13940
Q02_25,Puebla,19020088,NOTMX-SeguimientoInstalacion,DEFAULT,25655,0.1884682,19669,5986,0
Q02_25,Puebla,14929961,Tmx_SOMO,DEFAULT,23731,0.174334,3388,20343,0
Q02_25,Puebla,CLIENTE_COLGO,SIN_MENU,SIN_OPCION,23674,0.1739153,8915,14552,207
Q02_25,Puebla,19020086,Desborde_Promocional,SIN_OPCION,23633,0.1736141,9655,13978,0
Q02_25,Puebla,19020086,Marque3,SIN_OPCION,20965,0.1540143,518,3546,16901
Q02_25,Puebla,CLIENTE_COLGO,RES-ContratacionInfinitum_2024,SIN_OPCION,20867,0.1532943,3301,17566,0
Q02_25,Puebla,14929961,Desborde_Cabecera,Tmx_SOMC,19105,0.1403502,19105,0,0
Q02_25,Puebla,CASO_ERROR_CEROS,Numero Telmex,SIN_OPCION,17415,0.1279351,5171,12244,0
Q02_25,Puebla,CASO_ERROR_CEROS,SIN_MENU,SIN_OPCION,14804,0.108754,1741,13058,5
Q02_25,Puebla,15070013,Desborde_Cabecera,NoTmx_SOMC,14797,0.1087026,14797,0,0
Q02_25,Puebla,15070059,NOTMX-CONT-Contratacion,DEFAULT,13361,0.0981533,10968,2393,0
Q02_25,Puebla,10728487,NOTMX-SeguimientoInstalacion,DEFAULT,13159,0.0966694,10193,2966,0
Q02_25,Puebla,CLIENTE_COLGO,Desborde_Cabecera,QJA_AB_1,12951,0.0951414,125,12826,0
Q02_25,Puebla,10928253,Desborde_Cabecera,QJA_DAT_ROJA,12298,0.0903443,213,12085,0
Q02_25,Puebla,19020086,SIN_MENU,SIN_OPCION,8972,0.0659106,992,7980,0
Q02_25,Puebla,14928994,Desborde_Cabecera,TELECOBRA,7664,0.0563017,425,7239,0
Q02_25,Puebla,15070006,RES-ContratacionInfinitum_FM,DEFAULT,6461,0.0474642,70,6391,0
Q02_25,Puebla,10728487,RES-SegInst_2024,DEFAULT,5744,0.0421969,1008,4734,2
Q02_25,Puebla,CASO_ERROR_CEROS,ANI,SIN_OPCION,4862,0.0357175,4862,0,0
Q02_25,Puebla,CASO_ERROR_CEROS,SIN_MENU,QJA_DAT_VERDE,4746,0.0348653,186,4560,0
Q02_25,Puebla,14929014,NOTMX-CONT-Portabilidad,DEFAULT,4714,0.0346303,3749,965,0
Q02_25,Puebla,15070013,NoTMX_SinOp,NoTMX_SinOp,4634,0.0340426,3704,930,0
Q02_25,Puebla,10928253,Desborde_Cabecera,QJA_VSI_ROJA,4372,0.0321178,62,4310,0
Q02_25,Puebla,CLIENTE_COLGO,MASI_RepiteBoleta,DEFAULT,4033,0.0296275,16,4017,0
Q02_25,Puebla,CASO_ERROR_CEROS,Numero Telmex,QJA_DAT_VERDE,3780,0.0277689,12,3768,0
Q02_25,Puebla,11028186,Desborde_Cabecera,VINNETFLIX,3694,0.0271371,235,3459,0
Q02_25,Puebla,CASO_ERROR_CEROS,Numero Telmex,DEFAULT,3628,0.0266522,45,3583,0
Q02_25,Puebla,CASO_ERROR_CEROS,Numero Telmex,QJA_AB_1,3371,0.0247642,13,3358,0
Q02_25,Puebla,10928253,Desborde_Cabecera,QJA_AB_DAT_1,3221,0.0236623,17,3204,0
Q02_25,Puebla,CASO_ERROR_CEROS,SIN_MENU,DEFAULT,3144,0.0230966,119,3025,0
Q02_25,Puebla,CASO_ERROR_CEROS,SIN_MENU,QJA_AB_1,2855,0.0209736,62,2793,0
Q02_25,Puebla,10928354,Desborde_Cabecera,MITELMEX,2504,0.018395,242,2262,0
Q02_25,Puebla,10528004,Desborde_Cabecera,MEGACABLE,2385,0.0175208,180,2205,0
Q02_25,Puebla,19020086,ANI,SIN_OPCION,2332,0.0171315,2332,0,0
Q02_25,Puebla,10928253,Desborde_Cabecera,QJA_DAT_AMBAR,2292,0.0168376,55,2237,0
Q02_25,Puebla,14928987,Desborde_Cabecera,COBRA_2BGLOBAL,1924,0.0141342,139,1785,0
Q02_25,Puebla,14928989,Desborde_Cabecera,COBRA_2WS,1875,0.0137742,78,1797,0
Q02_25,Puebla,10628031,Desborde_Cabecera,FO_2222,1836,0.0134877,188,1648,0
Q02_25,Puebla,14928985,Desborde_Cabecera,COBRA_CMG,1721,0.0126429,118,1603,0
Q02_25,Puebla,10828091,RES-Fallas_2024,FALLA_AMBAS_P,1306,0.0095942,141,1165,0
Q02_25,Puebla,10428163,Desborde_Cabecera,MES_1,1119,0.0082205,131,988,0
Q02_25,Puebla,309004,RES-SaldosPagos_FM,DEFAULT,1015,0.0074565,8,1007,0
Q02_25,Puebla,CASO_ERROR_CEROS,SIN_MENU,QJA_VSI_VERDE,823,0.006046,31,792,0
Q02_25,Puebla,CASO_ERROR_CEROS,Numero Telmex,QJA_VSI_VERDE,781,0.0057374,2,779,0
Q02_25,Puebla,11128116,Desborde_Cabecera,RET_PLAN50,710,0.0052158,49,661,0
Q02_25,Puebla,10928270,Desborde_Cabecera,CONECTAM,523,0.0038421,64,459,0
Q02_25,Puebla,10928253,Desborde_Cabecera,QJA_VSI_AMBAR,506,0.0037172,9,497,0
Q02_25,Puebla,10928124,Desborde_Cabecera,VINNETFLIX,446,0.0032764,22,424,0
Q02_25,Puebla,10928253,Desborde_Cabecera,QJA_AB_VSI_1,438,0.0032177,0,438,0
Q02_25,Puebla,10928018,Desborde_Cabecera,INCLUENCER,392,0.0028797,31,361,0
Q02_25,Puebla,CASO_ERROR_CEROS,SIN_MENU,QJA_VOZ_VERDE,390,0.002865,37,353,0
Q02_25,Puebla,10428163,Desborde_Cabecera,MES_2,360,0.0026447,33,327,0
Q02_25,Puebla,15070019,RES-Fallas_2024,FM_CFE_P,359,0.0026373,16,343,0
Q02_25,Puebla,15070020,Desborde_Cabecera,QJA_VOZ_ROJA,356,0.0026153,7,349,0
Q02_25,Puebla,CASO_ERROR_CEROS,Numero Telmex,QJA_VOZ_VERDE,272,0.0019982,2,270,0
Q02_25,Puebla,CLIENTE_COLGO,NOTMX-CONT-Contratacion,DEFAULT,271,0.0019908,206,65,0
Q02_25,Puebla,CASO_ERROR_CEROS,ANI,DEFAULT,248,0.0018219,248,0,0
Q02_25,Puebla,10928316,Desborde_Cabecera,PRODIGY_MAIL,222,0.0016309,65,157,0
Q02_25,Puebla,15070020,Desborde_Cabecera,QJA_AB_VOZ_2,180,0.0013223,3,177,0
Q02_25,Puebla,10728000,RES-Fallas_2024,FALLA_AMBAS_P,160,0.0011754,7,153,0
Q02_25,Puebla,10928270,Desborde_Cabecera,ONT_ECANCELA,150,0.0011019,21,129,0
Q02_25,Puebla,10428163,Desborde_Cabecera,ADEUDO_1Y2,125,0.0009183,12,113,0
Q02_25,Puebla,15070020,Desborde_Cabecera,QJA_VOZ_AMBAR,116,0.0008522,5,111,0
Q02_25,Puebla,15070020,Desborde_Cabecera,QJA_AB_VOZ_1,115,0.0008448,2,113,0
Q02_25,Puebla,CLIENTE_COLGO,Desborde_Cabecera,QJA_AB_DAT_2,107,0.000786,0,107,0
Q02_25,Puebla,10928253,Desborde_Cabecera,QJA_AB_3,87,0.0006391,2,85,0
Q02_25,Puebla,10928083,Desborde_Cabecera,CASOSDG,85,0.0006244,16,69,0
Q02_25,Puebla,11128125,Desborde_Cabecera,RETCOMBO,70,0.0005142,8,62,0
Q02_25,Puebla,10928031,Desborde_Cabecera,MIGRAFTTH,62,0.0004555,8,54,0
Q02_25,Puebla,CLIENTE_COLGO,RES-Fallas_2024,FALLA_AMBAS_P,62,0.0004555,0,62,0
Q02_25,Puebla,14928986,Desborde_Cabecera,COBRA_MUNIOZ,58,0.0004261,5,53,0
Q02_25,Puebla,10928299,Desborde_Cabecera,ECATEPEC,57,0.0004187,0,57,0
Q02_25,Puebla,CLIENTE_COLGO,Desborde_Cabecera,QJA_AB_2,53,0.0003894,1,52,0
Q02_25,Puebla,10928311,Desborde_Cabecera,QJA_ACAPULCO,35,0.0002571,0,35,0
Q02_25,Puebla,CASO_NULL,SIN_MENU,SIN_OPCION,29,0.000213,0,0,29
Q02_25,Puebla,CLIENTE_COLGO,Desborde_Cabecera,QJA_AB_VSI_2,26,0.000191,0,26,0
Q02_25,Puebla,10828091,RES-Fallas_2024,FALLA_CENTRAL_P,25,0.0001837,1,24,0
Q02_25,Puebla,11228110,RES-SaldosPagos_2024,UPSELL_350MB,19,0.0001396,3,16,0
Q02_25,Puebla,10928271,Desborde_Cabecera,ENVIOONT_ENT,16,0.0001175,0,16,0
Q02_25,Puebla,14929961,SIN_MENU,SIN_OPCION,14,0.0001028,8,0,6
Q02_25,Puebla,19020078,Desborde_Cabecera,ECATEPEC_QJA,11,8.08e-05,0,11,0
Q02_25,Puebla,11228110,RES-ContratacionInfinitum_2024,UPSELL_350MB,10,7.35e-05,3,7,0
Q02_25,Puebla,10928177,Desborde_Cabecera,ONT_AUTOA_B2,5,3.67e-05,1,4,0
Q02_25,Puebla,19020076,Desborde_Cabecera,ECATEPEC_FM,5,3.67e-05,0,5,0
Q02_25,Puebla,CASO_ERROR_CEROS,default,SIN_OPCION,5,3.67e-05,0,0,5
Q02_25,Puebla,CASO_ERROR_CEROS,ANI,QJA_DAT_VERDE,4,2.94e-05,4,0,0
Q02_25,Puebla,CASO_ERROR_CEROS,SIN_MENU,QJA_AB_DAT_2,4,2.94e-05,0,4,0
Q02_25,Puebla,CASO_ERROR_CEROS,Numero Telmex,QJA_AB_2,3,2.2e-05,0,3,0
Q02_25,Puebla,309004,MASI_RepiteBoleta,DEFAULT,2,1.47e-05,0,2,0
Q02_25,Puebla,CASO_ERROR_CEROS,ANI,QJA_AB_1,2,1.47e-05,2,0,0
Q02_25,Puebla,10728000,RES-Fallas_2024,FALLA_CENTRAL_P,1,7.3e-06,0,1,0
Q02_25,Puebla,CASO_ERROR_CEROS,Numero Telmex,QJA_AB_DAT_2,1,7.3e-06,0,1,0
Q03_25,Nacional,19020086,cliente_colgo,SIN_OPCION,1988142,17.3151171,245792,219274,1523076
Q03_25,Nacional,19020088,NOTMX-SeguimientoInstalacion,DEFAULT,1115730,9.7171105,1018079,97651,0
Q03_25,Nacional,19010000,RES_FALLA_STOP,DEFAULT,990829,8.6293233,22815,968014,0
Q03_25,Nacional,CLIENTE_COLGO,SIN_MENU,SIN_OPCION,988827,8.6118875,507751,480689,387
Q03_25,Nacional,15070013,RES-MADT-Detalle,DEFAULT,461835,4.0222112,92540,369295,0
Q03_25,Nacional,19020086,SinOpcion_Cabecera,SIN_OPCION,421474,3.6706994,0,0,421474
Q03_25,Nacional,10928253,Desborde_Cabecera,QJA_DAT_ROJA,390148,3.3978751,7331,382817,0
Q03_25,Nacional,309004,RES-SaldooPagos,DEFAULT,374410,3.2608098,89160,285250,0
Q03_25,Nacional,19020086,Desborde_Promocional,SIN_OPCION,322951,2.8126433,201600,121351,0
Q03_25,Nacional,15070059,NOTMX-CONT-Contratacion,DEFAULT,274823,2.3934872,246451,28372,0
Q03_25,Nacional,19010000,RES-FallaInternet,DEFAULT,262025,2.2820269,50985,211040,0
Q03_25,Nacional,10828091,RES-FallaInternet,DEFAULT,253738,2.2098538,44748,208990,0
Q03_25,Nacional,19020086,Marque3,SIN_OPCION,224610,1.9561724,0,0,224610
Q03_25,Nacional,15070013,NoTMX_SinOp,NoTMX_SinOp,170189,1.4822092,156852,13337,0
Q03_25,Nacional,CLIENTE_COLGO,Desborde_Cabecera,QJA_DAT_VERDE,145983,1.2713945,4439,141544,0
Q03_25,Nacional,10928253,Desborde_Cabecera,QJA_VSI_ROJA,144848,1.2615095,1496,143352,0
Q03_25,Nacional,15070019,RES-FallasLinea,DEFAULT,138396,1.2053178,22663,115733,0
Q03_25,Nacional,10828091,RES-FallaInternet,NOBOT,135986,1.1843286,34127,101859,0
Q03_25,Nacional,10928253,Desborde_Cabecera,QJA_AB_DAT_1,128521,1.1193145,2142,126379,0
Q03_25,Nacional,CLIENTE_COLGO,MASI_RepiteBoleta,DEFAULT,128409,1.1183391,2306,126103,0
Q03_25,Nacional,14929014,NOTMX-CONT-Portabilidad,DEFAULT,121265,1.0561206,109393,11872,0
Q03_25,Nacional,CLIENTE_COLGO,Desborde_Cabecera,QJA_AB_1,112187,0.9770585,2621,109566,0
Q03_25,Nacional,15070006,RES-ContratacionInfinitum_FM,DEFAULT,96196,0.8377898,1789,94407,0
Q03_25,Nacional,19020086,Numero Telmex,SIN_OPCION,89852,0.7825386,299,89553,0
Q03_25,Nacional,19010000,RES-FallasLinea,DEFAULT,76506,0.6663057,11451,65055,0
Q03_25,Nacional,10928253,RES-FallaSegQja,DEFAULT,75818,0.6603138,13287,62531,0
Q03_25,Nacional,10728381,RES-FallaEntretiene,DEFAULT,71695,0.6244058,13877,57818,0
Q03_25,Nacional,15070004,RES_CambioDom,DEFAULT,71215,0.6202253,5854,65361,0
Q03_25,Nacional,10728382,RES-Entr,DEFAULT,70338,0.6125874,15143,55195,0
Q03_25,Nacional,10428174,Desborde_Cabecera,TELVICOBRA,64290,0.5599142,7294,56996,0
Q03_25,Nacional,15070002,RES_Otros,DEFAULT,62594,0.5451434,11502,51092,0
Q03_25,Nacional,309004,RES-Saldos-WT,DEFAULT,60814,0.529641,13219,47595,0
Q03_25,Nacional,10728009,RES-AsistenciaTelmexcom,DEFAULT,60146,0.5238233,14412,45734,0
Q03_25,Nacional,14928994,Desborde_Cabecera,TELECOBRA,53740,0.4680322,4977,48763,0
Q03_25,Nacional,CLIENTE_COLGO,Desborde_Cabecera,QJA_VSI_VERDE,52992,0.4615177,1255,51737,0
Q03_25,Nacional,10928253,Desborde_Cabecera,QJA_AB_VSI_1,47403,0.412842,432,46971,0
Q03_25,Nacional,10928253,Desborde_Cabecera,QJA_DAT_AMBAR,42674,0.3716562,1068,41606,0
Q03_25,Nacional,CLIENTE_COLGO,Desborde_Cabecera,QJA_AB_DAT_2,38562,0.335844,882,37680,0
Q03_25,Nacional,15070006,RES-ContratacionInfinitum,DEFAULT,37292,0.3247833,8820,28472,0
Q03_25,Nacional,10928357,KIPSOLCOM,DEFAULT,34610,0.3014253,6505,28105,0
Q03_25,Nacional,11028186,Desborde_Cabecera,VINNETFLIX,30978,0.2697935,2397,28581,0
Q03_25,Nacional,15070012,RES-MADT-Detalle,2L,28936,0.2520093,6415,22521,0
Q03_25,Nacional,10528004,Desborde_Cabecera,MEGACABLE,26779,0.2332235,2449,24330,0
Q03_25,Nacional,2309004,RES-SaldooPagos,DEFAULT,26419,0.2300882,6955,19464,0
Q03_25,Nacional,10428163,Desborde_Cabecera,TELVICOBRA,25221,0.2196546,2651,22570,0
Q03_25,Nacional,10628031,Desborde_Cabecera,FO_2222,24370,0.2122431,2632,21738,0
Q03_25,Nacional,CLIENTE_COLGO,RES-MADT-Detalle,DEFAULT,21562,0.1877877,3672,17890,0
Q03_25,Nacional,14928989,Desborde_Cabecera,COBRA_2WS,19173,0.1669814,1649,17524,0
Q03_25,Nacional,10928253,Desborde_Cabecera,QJA_AB_3,17729,0.1544053,469,17260,0
Q03_25,Nacional,10928253,Desborde_Cabecera,QJA_VSI_AMBAR,16017,0.1394952,278,15739,0
Q03_25,Nacional,CLIENTE_COLGO,Desborde_Cabecera,QJA_AB_VSI_2,14068,0.122521,219,13849,0
Q03_25,Nacional,CLIENTE_COLGO,NOTMX-CONT-Contratacion,DEFAULT,13989,0.1218329,12351,1638,0
Q03_25,Nacional,15070020,Desborde_Cabecera,QJA_VOZ_ROJA,12935,0.1126534,426,12509,0
Q03_25,Nacional,309004,RES-SaldosPagos_FM,DEFAULT,12805,0.1115212,204,12601,0
Q03_25,Nacional,CLIENTE_COLGO,Desborde_Cabecera,QJA_VOZ_VERDE,12496,0.1088301,375,12121,0
Q03_25,Nacional,10928270,Desborde_Cabecera,CONECTAM,11821,0.1029514,1387,10434,0
Q03_25,Nacional,10828091,RES-FallaInternet,POSIBLE_FALLA_DSLAM_P,11734,0.1021937,1453,10281,0
Q03_25,Nacional,14928985,Desborde_Cabecera,COBRA_CMG,11053,0.0962627,1283,9770,0
Q03_25,Nacional,309004,Desborde_Cabecera,Saldos1_Pagar,10595,0.0922739,1324,9271,0
Q03_25,Nacional,309013,RES-FallaInternet,CECOR,9249,0.0805513,1849,7400,0
Q03_25,Nacional,1309004,RES-SaldooPagos,DEFAULT,8146,0.0709451,1747,6399,0
Q03_25,Nacional,14929021,RES-FallasLinea,ML,8111,0.0706403,24,8087,0
Q03_25,Nacional,10928018,Desborde_Cabecera,INCLUENCER,7574,0.0659634,568,7006,0
Q03_25,Nacional,19020086,ANI,SIN_OPCION,7398,0.0644306,7398,0,0
Q03_25,Nacional,10628002,RES_Cambios,DEFAULT,6859,0.0597364,1259,5600,0
Q03_25,Nacional,15070071,RES_CambioTit,DEFAULT,6624,0.0576897,1016,5608,0
Q03_25,Nacional,19020086,SaldoCabecera,SIN_OPCION,6503,0.0566359,977,5526,0
Q03_25,Nacional,15070020,Desborde_Cabecera,QJA_AB_VOZ_1,5744,0.0500256,217,5527,0
Q03_25,Nacional,10828144,RES-MADT-Detalle,PQ_389,5551,0.0483447,1276,4275,0
Q03_25,Nacional,2309004,Desborde_Cabecera,Saldos1_Pagar,4856,0.0422919,685,4171,0
Q03_25,Nacional,15070012,RES_CambioDom,2L,4557,0.0396878,746,3811,0
Q03_25,Nacional,15070012,RES_Otros,2L,4480,0.0390172,853,3627,0
Q03_25,Nacional,309013,RES-FallasLinea,CECOR,4284,0.0373102,557,3727,0
Q03_25,Nacional,15070013,RES-Aparatos,DEFAULT,4235,0.0368834,1074,3161,0
Q03_25,Nacional,2309004,RES-Saldos-WT,DEFAULT,4111,0.0358035,937,3174,0
Q03_25,Nacional,10928364,Desborde_Cabecera,COBRA_AMA,3793,0.033034,590,3203,0
Q03_25,Nacional,15070004,RES_CAMBIODOMICILIO,DEFAULT,3707,0.032285,24,3683,0
Q03_25,Nacional,10728381,RES-FallaEntretiene,NOBOT,3684,0.0320847,1663,2021,0
Q03_25,Nacional,10928124,Desborde_Cabecera,VINNETFLIX,3523,0.0306825,180,3343,0
Q03_25,Nacional,14928987,Desborde_Cabecera,COBRA_2BGLOBAL,3505,0.0305257,387,3118,0
Q03_25,Nacional,10928316,Desborde_Cabecera,PRODIGY_MAIL,3444,0.0299945,1248,2196,0
Q03_25,Nacional,15070007,RES-Aparatos,DEFAULT,3356,0.0292281,822,2534,0
Q03_25,Nacional,11128116,Desborde_Cabecera,RET_PLAN50,3347,0.0291497,220,3127,0
Q03_25,Nacional,10928270,Desborde_Cabecera,ONT_ECANCELA,2914,0.0253786,395,2519,0
Q03_25,Nacional,15070012,RES-ContratacionInfinitum,2L,2677,0.0233145,750,1927,0
Q03_25,Nacional,10928137,RES-Falla-AntivirusMcAfee,DEFAULT,2592,0.0225742,770,1822,0
Q03_25,Nacional,10728382,RES-Entr,NOBOT,2274,0.0198047,1100,1174,0
Q03_25,Nacional,10228051,RES-FallaInternet,CASE_41,2215,0.0192909,518,1697,0
Q03_25,Nacional,15070020,Desborde_Cabecera,QJA_VOZ_AMBAR,2166,0.0188641,70,2096,0
Q03_25,Nacional,15070019,Desborde_Cabecera,PARO_RELOJ,2110,0.0183764,12,2098,0
Q03_25,Nacional,CLIENTE_COLGO,RES_CambioDom,DEFAULT,1887,0.0164343,142,1745,0
Q03_25,Nacional,10928083,Desborde_Cabecera,CASOSDG,1822,0.0158682,173,1649,0
Q03_25,Nacional,CLIENTE_COLGO,RES_Otros,DEFAULT,1787,0.0155633,282,1505,0
Q03_25,Nacional,10828141,RES-FallaInternet,ACUNA,1735,0.0151105,116,1619,0
Q03_25,Nacional,10228051,RES-FallasLinea,CASE_41,1588,0.0138302,277,1311,0
Q03_25,Nacional,15070012,RES-Entr,2L,1517,0.0132118,417,1100,0
Q03_25,Nacional,15070020,Desborde_Cabecera,QJA_AB_VOZ_2,1484,0.0129244,42,1442,0
Q03_25,Nacional,11128125,Desborde_Cabecera,RETCOMBO,1095,0.0095366,162,933,0
Q03_25,Nacional,10928271,Desborde_Cabecera,ENVIOONT_ENT,1030,0.0089705,90,940,0
Q03_25,Nacional,10928098,RES-FallaInternet,ONT_AUTOA,1019,0.0088747,251,768,0
Q03_25,Nacional,10928031,Desborde_Cabecera,MIGRAFTTH,971,0.0084566,156,815,0
Q03_25,Nacional,2309004,RES-SaldosPagos_FM,DEFAULT,905,0.0078818,11,894,0
Q03_25,Nacional,30806646350495,RES-MADT-Detalle,CECOR,836,0.0072809,174,662,0
Q03_25,Nacional,10828091,RES-FallaInternet,FALLA_AMBAS_P,821,0.0071502,77,744,0
Q03_25,Nacional,1309004,RES-Saldos-WT,DEFAULT,802,0.0069848,112,690,0
Q03_25,Nacional,2309013,RES-FallaInternet,CECOR,783,0.0068193,158,625,0
Q03_25,Nacional,CLIENTE_COLGO,Desborde_Cabecera,QJA_AB_2,736,0.00641,5,731,0
Q03_25,Nacional,15070012,RES_CambioTit,2L,696,0.0060616,156,540,0
Q03_25,Nacional,10828091,RES-FallaInternet,FALLA_CENTRAL_P,694,0.0060442,156,538,0
Q03_25,Nacional,CLIENTE_COLGO,RES-Aparatos,DEFAULT,685,0.0059658,175,510,0
Q03_25,Nacional,10928253,RES-FallaSegQja,QJA_AB_DAT_2,646,0.0056261,22,624,0
Q03_25,Nacional,30806646350495,RES_CambioDom,CECOR,624,0.0054345,113,511,0
Q03_25,Nacional,CASO_NULL,RES_Cambios,DEFAULT,572,0.0049817,96,476,0
Q03_25,Nacional,30805596283474,RES-Falla-Dish,DEFAULT,539,0.0046943,234,305,0
Q03_25,Nacional,10828144,RES-ContratacionInfinitum,PQ_389,535,0.0046594,137,398,0
Q03_25,Nacional,30806646350495,RES_Otros,CECOR,529,0.0046072,87,442,0
Q03_25,Nacional,10928253,RES-FallaSegQja,QJA_AB_VOZ_2,462,0.0040236,13,449,0
Q03_25,Nacional,CASO_NULL,RES_CambioTit,DEFAULT,460,0.0040062,79,381,0
Q03_25,Nacional,15070012,RES_Cambios,2L,456,0.0039714,89,367,0
Q03_25,Nacional,10828091,RES-FallaInternet,FM_ROBO_P,437,0.0038059,30,407,0
Q03_25,Nacional,11228178,RES-FallaInternet,POT_A_VSI_TDM,425,0.0037014,66,359,0
Q03_25,Nacional,2309013,RES-FallasLinea,CECOR,411,0.0035795,49,362,0
Q03_25,Nacional,10828091,RES-FallaInternet,FM_CFE_P,360,0.0031353,43,317,0
Q03_25,Nacional,10428163,Saldos3_Otra,SIN_OPCION,357,0.0031092,26,331,0
Q03_25,Nacional,CLIENTE_COLGO,RES_OcultaVta,DEFAULT,332,0.0028915,19,313,0
Q03_25,Nacional,15070019,RES-FallasLinea,FM_ROBO_P,286,0.0024908,32,254,0
Q03_25,Nacional,14928994,Saldos3_Otra,SIN_OPCION,285,0.0024821,13,272,0
Q03_25,Nacional,309005,RES-TAE,DEFAULT,285,0.0024821,87,198,0
Q03_25,Nacional,10928253,RES-FallaSegQja,QJA_AB_VSI_2,275,0.002395,18,257,0
Q03_25,Nacional,CASO_NULL,SIN_MENU,SIN_OPCION,258,0.002247,0,0,258
Q03_25,Nacional,1309004,RES-SaldosPagos_FM,DEFAULT,204,0.0017767,0,204,0
Q03_25,Nacional,10928177,RES-FallaInternet,ONT_AUTOA_B2,184,0.0016025,33,151,0
Q03_25,Nacional,19020086,MENU_10_NUMEROS,SIN_OPCION,166,0.0014457,166,0,0
Q03_25,Nacional,10728494,RES-Falla-Dish,DEFAULT,163,0.0014196,68,95,0
Q03_25,Nacional,10728493,RES-SegurosInbursa,DEFAULT,158,0.0013761,61,97,0
Q03_25,Nacional,CLIENTE_COLGO,RES_Otros,2L,148,0.001289,22,126,0
Q03_25,Nacional,15070019,RES-FallasLinea,FM_NATURAL_P,146,0.0012715,26,120,0
Q03_25,Nacional,15070006,RES-StartGo,DEFAULT,143,0.0012454,35,108,0
Q03_25,Nacional,CLIENTE_COLGO,RES-Entr,2L,143,0.0012454,22,121,0
Q03_25,Nacional,10828073,RES-MADT-MVSHUB,DEFAULT,140,0.0012193,42,98,0
Q03_25,Nacional,10728494,RES-DISH,DEFAULT,138,0.0012019,48,90,0
Q03_25,Nacional,CLIENTE_COLGO,RES-ContratacionInfinitum,2L,130,0.0011322,22,108,0
Q03_25,Nacional,14928960,RES-Falla-MVSHUB,DEFAULT,121,0.0010538,34,87,0
Q03_25,Nacional,10928311,Desborde_Cabecera,QJA_ACAPULCO,117,0.001019,4,113,0
Q03_25,Nacional,19020086,SIN_MENU,SIN_OPCION,115,0.0010016,0,0,115
Q03_25,Nacional,309013,RES_CambioTit,CECOR,110,0.000958,17,93,0
Q03_25,Nacional,1309013,RES-FallaInternet,CECOR,108,0.0009406,12,96,0
Q03_25,Nacional,14928989,Saldos3_Otra,SIN_OPCION,107,0.0009319,6,101,0
Q03_25,Nacional,15070019,RES-FallasLinea,FM_CFE_P,97,0.0008448,9,88,0
Q03_25,Nacional,10928177,Desborde_Cabecera,ONT_AUTOA_B2,85,0.0007403,14,71,0
Q03_25,Nacional,15070006,RES-ClaroDrive,DEFAULT,79,0.000688,24,55,0
Q03_25,Nacional,30806646350495,RES-ContratacionInfinitum,CECOR,76,0.0006619,13,63,0
Q03_25,Nacional,230806646350495,RES-MADT-Detalle,CECOR,71,0.0006184,17,54,0
Q03_25,Nacional,1309013,RES-FallasLinea,CECOR,66,0.0005748,3,63,0
Q03_25,Nacional,10428163,Saldos1_Pagar,SIN_OPCION,58,0.0005051,6,52,0
Q03_25,Nacional,30806646350495,RES_Cambios,CECOR,56,0.0004877,11,45,0
Q03_25,Nacional,230806646350495,RES_CambioDom,CECOR,55,0.000479,7,48,0
Q03_25,Nacional,14928985,Saldos3_Otra,SIN_OPCION,54,0.0004703,4,50,0
Q03_25,Nacional,10928364,Saldos3_Otra,SIN_OPCION,53,0.0004616,4,49,0
Q03_25,Nacional,230806646350495,RES_Otros,CECOR,46,0.0004006,7,39,0
Q03_25,Nacional,CLIENTE_COLGO,RES-FallasLinea,FM,42,0.0003658,0,42,0
Q03_25,Nacional,10928253,RES-FallaSegQja,QJA_AB_DAT_1,36,0.0003135,0,36,0
Q03_25,Nacional,19020086,MENU_11_NUMEROS,SIN_OPCION,27,0.0002351,27,0,0
Q03_25,Nacional,15070036,Desborde_Cabecera,CLIENTESAPP,26,0.0002264,0,26,0
Q03_25,Nacional,2309005,RES-TAE,DEFAULT,25,0.0002177,5,20,0
Q03_25,Nacional,CLIENTE_COLGO,RES_Cambios,2L,20,0.0001742,1,19,0
Q03_25,Nacional,10928253,RES-FallaSegQja,QJA_AB_VSI_1,17,0.0001481,0,17,0
Q03_25,Nacional,14928994,Saldos1_Pagar,SIN_OPCION,17,0.0001481,2,15,0
Q03_25,Nacional,10928253,RES-FallaSegQja,QJA_AB_VOZ_1,14,0.0001219,0,14,0
Q03_25,Nacional,14928989,Saldos1_Pagar,SIN_OPCION,13,0.0001132,0,13,0
Q03_25,Nacional,130806646350495,RES-MADT-Detalle,CECOR,12,0.0001045,0,12,0
Q03_25,Nacional,130806646350495,RES_Otros,CECOR,11,9.58e-05,0,11,0
Q03_25,Nacional,CLIENTE_COLGO,RES-DISH,DEFAULT,11,9.58e-05,1,10,0
Q03_25,Nacional,CLIENTE_COLGO,RES-FallaInternet,FM,11,9.58e-05,0,11,0
Q03_25,Nacional,1309005,RES-TAE,DEFAULT,9,7.84e-05,1,8,0
Q03_25,Nacional,CLIENTE_COLGO,RES-FallaInternet,DG,9,7.84e-05,3,6,0
Q03_25,Nacional,230806646350495,RES-ContratacionInfinitum,CECOR,8,6.97e-05,2,6,0
Q03_25,Nacional,10928364,Saldos1_Pagar,SIN_OPCION,7,6.1e-05,2,5,0
Q03_25,Nacional,2309013,RES_CambioTit,CECOR,6,5.23e-05,3,3,0
Q03_25,Nacional,CLIENTE_COLGO,RES-SegurosInbursa,DEFAULT,6,5.23e-05,1,5,0
Q03_25,Nacional,130805596283474,RES-Falla-Dish,DEFAULT,5,4.35e-05,0,5,0
Q03_25,Nacional,130806646350495,RES-ContratacionInfinitum,CECOR,5,4.35e-05,1,4,0
Q03_25,Nacional,130806646350495,RES_CambioDom,CECOR,5,4.35e-05,0,5,0
Q03_25,Nacional,14928985,Saldos1_Pagar,SIN_OPCION,4,3.48e-05,1,3,0
Q03_25,Nacional,230806646350495,RES_Cambios,CECOR,4,3.48e-05,0,4,0
Q03_25,Nacional,CLIENTE_COLGO,RES-ClaroDrive,DEFAULT,4,3.48e-05,0,4,0
Q03_25,Nacional,10928270,RES-FallaInternet,CAMBIONT_NC,3,2.61e-05,0,3,0
Q03_25,Nacional,CLIENTE_COLGO,NoTMX_SinOp,SIN_OPCION,2,1.74e-05,2,0,0
Q03_25,Nacional,10528004,SIN_MENU,SIN_OPCION,1,8.7e-06,1,0,0
Q03_25,Nacional,10828091,RES-FallaInternet,FM_NATURAL_P,1,8.7e-06,1,0,0
Q03_25,Nacional,10928253,Desborde_Cabecera,SIN_OPCION,1,8.7e-06,0,1,0
Q03_25,Nacional,130806646350495,RES_Cambios,CECOR,1,8.7e-06,0,1,0
Q03_25,Nacional,1309013,RES_CambioTit,CECOR,1,8.7e-06,1,0,0
Q03_25,Nacional,15070019,RES-FallaInternet,PARO_RELOJ,1,8.7e-06,0,1,0
Q03_25,Nacional,230805596283474,RES-Falla-Dish,DEFAULT,1,8.7e-06,1,0,0
Q03_25,Nacional,30806646350495,RES-DISH,CECOR,1,8.7e-06,0,1,0
Q03_25,Nacional,CLIENTE_COLGO,MASI_RepiteBoleta,SIN_OPCION,1,8.7e-06,0,1,0
Q03_25,Nacional,CLIENTE_COLGO,NOTMX-SeguimientoInstalacion,SIN_OPCION,1,8.7e-06,1,0,0
Q03_25,Nacional,CLIENTE_COLGO,RES-ContratacionInfinitum_FM,SIN_OPCION,1,8.7e-06,0,1,0
Q03_25,Nacional,CLIENTE_COLGO,RES-FallaInternet,SIN_OPCION,1,8.7e-06,0,1,0
Q03_25,Nacional,CLIENTE_COLGO,RES_FALLA_STOP,SIN_OPCION,1,8.7e-06,0,1,0
Q03_25,Nacional,CLIENTE_COLGO,SIN_MENU,QJA_AB_1,1,8.7e-06,0,1,0
Q03_25,Puebla,19020086,cliente_colgo,SIN_OPCION,51203,0.4459369,0,0,51203
Q03_25,Puebla,19010000,RES_FALLA_STOP,DEFAULT,47585,0.4144271,265,47320,0
Q03_25,Puebla,15070006,RES-ContratacionInfinitum_2024,DEFAULT,46113,0.4016071,5646,40467,0
Q03_25,Puebla,19020086,SinOpcion_Cabecera,SIN_OPCION,38286,0.3334403,527,4715,33044
Q03_25,Puebla,19020086,Numero Telmex,SIN_OPCION,33513,0.2918713,6116,10180,17217
Q03_25,Puebla,309004,RES-SaldosPagos_2024,DEFAULT,28347,0.2468796,4940,23407,0
Q03_25,Puebla,19020088,NOTMX-SeguimientoInstalacion,DEFAULT,27980,0.2436833,21349,6631,0
Q03_25,Puebla,14929961,Tmx_SOMO,DEFAULT,22248,0.1937622,2543,19705,0
Q03_25,Puebla,10828091,RES-Fallas_2024,VSI,21621,0.1883015,3767,17854,0
Q03_25,Puebla,15070019,RES-Fallas_2024,DEFAULT,21313,0.1856191,1491,19822,0
Q03_25,Puebla,CASO_ERROR_CEROS,Numero Telmex,SIN_OPCION,19767,0.1721547,5506,14261,0
Q03_25,Puebla,CASO_ERROR_CEROS,SIN_MENU,SIN_OPCION,18848,0.1641509,715,18130,3
Q03_25,Puebla,19020086,Marque3,SIN_OPCION,14565,0.1268494,257,2511,11797
Q03_25,Puebla,19020086,Desborde_Promocional,SIN_OPCION,13073,0.1138553,5475,7598,0
Q03_25,Puebla,10928253,Desborde_Cabecera,QJA_DAT_ROJA,12380,0.1078198,86,12294,0
Q03_25,Puebla,19020086,SIN_MENU,SIN_OPCION,10217,0.0889818,868,9346,3
Q03_25,Puebla,15070059,NOTMX-CONT-Contratacion,DEFAULT,9137,0.0795759,7429,1708,0
Q03_25,Puebla,15070006,RES-ContratacionInfinitum_FM,DEFAULT,9068,0.078975,39,9029,0
Q03_25,Puebla,19020086,ANI,SIN_OPCION,8145,0.0709364,8145,0,0
Q03_25,Puebla,14929961,Desborde_Cabecera,Tmx_SOMC,6651,0.0579249,6651,0,0
Q03_25,Puebla,CASO_ERROR_CEROS,Numero Telmex,DEFAULT,5707,0.0497034,52,5655,0
Q03_25,Puebla,CASO_ERROR_CEROS,SIN_MENU,QJA_DAT_VERDE,5608,0.0488412,118,5490,0
Q03_25,Puebla,15070013,Desborde_Cabecera,NoTmx_SOMC,5446,0.0474303,5446,0,0
Q03_25,Puebla,CASO_ERROR_CEROS,ANI,SIN_OPCION,5237,0.0456101,5237,0,0
Q03_25,Puebla,CASO_ERROR_CEROS,SIN_MENU,DEFAULT,5148,0.0448349,50,5098,0
Q03_25,Puebla,CASO_ERROR_CEROS,Numero Telmex,QJA_DAT_VERDE,4854,0.0422744,9,4845,0
Q03_25,Puebla,10928253,Desborde_Cabecera,QJA_AB_DAT_1,4081,0.0355422,36,4045,0
Q03_25,Puebla,10428174,Desborde_Cabecera,TELVICOBRA,3845,0.0334869,280,3565,0
Q03_25,Puebla,15070013,NoTMX_SinOp,NoTMX_SinOp,3773,0.0328598,2931,842,0
Q03_25,Puebla,14928994,Desborde_Cabecera,TELECOBRA,3753,0.0326856,217,3536,0
Q03_25,Puebla,19020088,RES-SegInst_2024,DEFAULT,3643,0.0317276,470,3173,0
Q03_25,Puebla,19020086,SaldoCabecera,SIN_OPCION,3200,0.0278694,280,2920,0
Q03_25,Puebla,14929014,NOTMX-CONT-Portabilidad,DEFAULT,2722,0.0237064,2027,695,0
Q03_25,Puebla,10928253,Desborde_Cabecera,QJA_DAT_AMBAR,2433,0.0211895,19,2414,0
Q03_25,Puebla,10928357,KIPSOLCOM,DEFAULT,2387,0.0207888,326,2061,0
Q03_25,Puebla,CASO_ERROR_CEROS,SaldoCabecera,QJA_AB_1,2372,0.0206582,15,2357,0
Q03_25,Puebla,CASO_ERROR_CEROS,SIN_MENU,QJA_AB_1,2333,0.0203186,20,2313,0
Q03_25,Puebla,11028186,Desborde_Cabecera,VINNETFLIX,2082,0.0181325,95,1987,0
Q03_25,Puebla,10428163,Desborde_Cabecera,TELVICOBRA,1901,0.0165562,112,1789,0
Q03_25,Puebla,CASO_ERROR_CEROS,Numero Telmex,QJA_AB_1,1820,0.0158507,2,1818,0
Q03_25,Puebla,CASO_ERROR_CEROS,SaldoCabecera,SIN_OPCION,1764,0.015363,51,1713,0
Q03_25,Puebla,10528004,Desborde_Cabecera,MEGACABLE,1653,0.0143963,102,1551,0
Q03_25,Puebla,14928989,Desborde_Cabecera,COBRA_2WS,1287,0.0112087,55,1232,0
Q03_25,Puebla,CASO_ERROR_CEROS,SIN_MENU,QJA_AB_DAT_2,1272,0.0110781,5,1267,0
Q03_25,Puebla,309004,RES-SaldosPagos_FM,DEFAULT,1183,0.010303,5,1178,0
Q03_25,Puebla,CASO_ERROR_CEROS,Numero Telmex,QJA_AB_DAT_2,1100,0.0095801,0,1100,0
Q03_25,Puebla,10928253,Desborde_Cabecera,QJA_VSI_ROJA,1083,0.0094321,3,1080,0
Q03_25,Puebla,10928253,Desborde_Cabecera,QJA_AB_3,982,0.0085524,4,978,0
Q03_25,Puebla,10628031,Desborde_Cabecera,FO_2222,938,0.0081692,83,855,0
Q03_25,Puebla,309004,Desborde_Cabecera,Saldos1_Pagar,807,0.0070283,79,728,0
Q03_25,Puebla,14928985,Desborde_Cabecera,COBRA_CMG,742,0.0064622,42,700,0
Q03_25,Puebla,CASO_ERROR_CEROS,SaldoCabecera,DEFAULT,590,0.0051384,8,582,0
Q03_25,Puebla,19020086,MENU_10_NUMEROS,SIN_OPCION,493,0.0042936,492,0,1
Q03_25,Puebla,CASO_ERROR_CEROS,RES-SaldosPagos_2024,DEFAULT,484,0.0042153,104,380,0
Q03_25,Puebla,CASO_ERROR_CEROS,Numero Telmex,QJA_VSI_VERDE,382,0.0033269,1,381,0
Q03_25,Puebla,14928987,Desborde_Cabecera,COBRA_2BGLOBAL,330,0.002874,11,319,0
Q03_25,Puebla,10828091,RES-Fallas_2024,FALLA_AMBAS_P,308,0.0026824,20,288,0
Q03_25,Puebla,CASO_ERROR_CEROS,Numero Telmex,QJA_VOZ_VERDE,305,0.0026563,0,305,0
Q03_25,Puebla,CASO_ERROR_CEROS,Saldos3_Otra,SIN_OPCION,300,0.0026128,4,296,0
Q03_25,Puebla,CASO_ERROR_CEROS,ANI,DEFAULT,297,0.0025866,297,0,0
Q03_25,Puebla,10928253,Desborde_Cabecera,QJA_AB_VSI_1,288,0.0025082,0,288,0
Q03_25,Puebla,CASO_ERROR_CEROS,SIN_MENU,QJA_VOZ_VERDE,286,0.0024908,7,279,0
Q03_25,Puebla,10928364,Desborde_Cabecera,COBRA_AMA,272,0.0023689,26,246,0
Q03_25,Puebla,10928018,Desborde_Cabecera,INCLUENCER,261,0.0022731,21,240,0
Q03_25,Puebla,10928124,Desborde_Cabecera,VINNETFLIX,247,0.0021512,7,240,0
Q03_25,Puebla,15070020,Desborde_Cabecera,QJA_VOZ_ROJA,234,0.002038,3,231,0
Q03_25,Puebla,CASO_ERROR_CEROS,SIN_MENU,QJA_VSI_VERDE,224,0.0019509,7,217,0
Q03_25,Puebla,15070004,RES_CAMBIODOMICILIO,DEFAULT,190,0.0016547,0,190,0
Q03_25,Puebla,10928253,Desborde_Cabecera,QJA_VSI_AMBAR,176,0.0015328,2,174,0
Q03_25,Puebla,11128116,Desborde_Cabecera,RET_PLAN50,165,0.001437,3,162,0
Q03_25,Puebla,15070020,Desborde_Cabecera,QJA_AB_VOZ_1,164,0.0014283,2,162,0
Q03_25,Puebla,10928270,Desborde_Cabecera,CONECTAM,156,0.0013586,13,143,0
Q03_25,Puebla,10428163,Saldos3_Otra,SIN_OPCION,143,0.0012454,5,138,0
Q03_25,Puebla,10928316,Desborde_Cabecera,PRODIGY_MAIL,100,0.0008709,30,70,0
Q03_25,Puebla,15070019,Desborde_Cabecera,PARO_RELOJ,99,0.0008622,0,99,0
Q03_25,Puebla,CASO_ERROR_CEROS,Saldos3_Otra,DEFAULT,90,0.0007838,0,90,0
Q03_25,Puebla,15070020,Desborde_Cabecera,QJA_VOZ_AMBAR,82,0.0007142,0,82,0
Q03_25,Puebla,CASO_ERROR_CEROS,Numero Telmex,QJA_AB_VSI_2,77,0.0006706,0,77,0
Q03_25,Puebla,15070020,Desborde_Cabecera,QJA_AB_VOZ_2,76,0.0006619,1,75,0
Q03_25,Puebla,CASO_ERROR_CEROS,SIN_MENU,QJA_AB_VSI_2,70,0.0006096,2,68,0
Q03_25,Puebla,10728487,RES-SegInst_2024,DEFAULT,62,0.00054,11,51,0
Q03_25,Puebla,11128125,Desborde_Cabecera,RETCOMBO,59,0.0005138,13,46,0
Q03_25,Puebla,10428163,Saldos1_Pagar,SIN_OPCION,57,0.0004964,3,54,0
Q03_25,Puebla,10928270,Desborde_Cabecera,ONT_ECANCELA,55,0.000479,10,45,0
Q03_25,Puebla,15070019,RES-Fallas_2024,FM_CFE_P,54,0.0004703,3,51,0
Q03_25,Puebla,10928083,Desborde_Cabecera,CASOSDG,37,0.0003222,8,29,0
Q03_25,Puebla,10928031,Desborde_Cabecera,MIGRAFTTH,35,0.0003048,2,33,0
Q03_25,Puebla,14928994,Saldos3_Otra,SIN_OPCION,26,0.0002264,1,25,0
Q03_25,Puebla,14928989,Saldos3_Otra,SIN_OPCION,25,0.0002177,1,24,0
Q03_25,Puebla,10928271,Desborde_Cabecera,ENVIOONT_ENT,24,0.000209,4,20,0
Q03_25,Puebla,14929961,SIN_MENU,SIN_OPCION,21,0.0001829,11,0,10
Q03_25,Puebla,10828091,RES-Fallas_2024,FALLA_CENTRAL_P,20,0.0001742,3,17,0
Q03_25,Puebla,CASO_ERROR_CEROS,MenuSaldosCabecera,SIN_OPCION,16,0.0001393,1,15,0
Q03_25,Puebla,14928994,Saldos1_Pagar,SIN_OPCION,10,8.71e-05,1,9,0
Q03_25,Puebla,14928985,Saldos3_Otra,SIN_OPCION,8,6.97e-05,0,8,0
Q03_25,Puebla,14928989,Saldos1_Pagar,SIN_OPCION,8,6.97e-05,2,6,0
Q03_25,Puebla,CASO_NULL,SIN_MENU,SIN_OPCION,8,6.97e-05,0,0,8
Q03_25,Puebla,10928177,Desborde_Cabecera,ONT_AUTOA_B2,6,5.23e-05,2,4,0
Q03_25,Puebla,10928364,Saldos3_Otra,SIN_OPCION,4,3.48e-05,0,4,0
Q03_25,Puebla,10928364,Saldos1_Pagar,SIN_OPCION,2,1.74e-05,0,2,0
Q03_25,Puebla,CASO_ERROR_CEROS,MenuSaldosCabecera,DEFAULT,2,1.74e-05,0,2,0
Q03_25,Puebla,14928985,Saldos1_Pagar,SIN_OPCION,1,8.7e-06,0,1,0
Q03_25,Puebla,CASO_ERROR_CEROS,Numero Telmex,QJA_AB_2,1,8.7e-06,0,1,0
Q03_25,Puebla,CASO_ERROR_CEROS,SaldoCabecera,QJA_AB_DAT_2,1,8.7e-06,0,1,0
Q03_25,Puebla,CASO_ERROR_CEROS,SaldoCabecera,QJA_AB_VSI_2,1,8.7e-06,0,1,0
