segmento_reporte,trimestre,menu,total_llamadas,bloque_identificado,nota
Nacional,Q01_25,CLIENTE_COLGO,2507905,nacional_A,Q01 un solo bloque Nacional (bug G-30 excluia nacional_B)
Nacional,Q01_25,RES-FALLAINTERNET,1650078,nacional_A,
Nacional,Q01_25,DESBORDE_CABECERA,1514344,nacional_A,
Nacional,Q01_25,NOTMX-SEGUIMIENTOINSTALACION,1107914,nacional_A,
Nacional,Q01_25,VACIO,894019,nacional_A,
Nacional,Q01_25,RES-MADT-DETALLE,538633,nacional_A,
Nacional,Q01_25,RES-SALDOOPAGOS,481015,nacional_A,
Nacional,Q01_25,SINOPCION_CABECERA,362598,nacional_A,
Nacional,Q01_25,DESBORDE_PROMOCIONAL,337120,nacional_A,
Nacional,Q01_25,RES-FALLASLINEA,333585,nacional_A,
Nacional,Q01_25,NOTMX-CONT-CONTRATACION,296202,nacional_A,
Nacional,Q01_25,MARQUE3,231828,nacional_A,
Nacional,Q01_25,NOTMX-CONT-PORTABILIDAD,154569,nacional_A,
Nacional,Q01_25,RES-FALLASEGQJA,118325,nacional_A,
Nacional,Q01_25,RES-SALDOS-WT,102885,nacional_A,
Nacional,Q01_25,RES_CAMBIODOM,97518,nacional_A,
Nacional,Q01_25,RES-ENTR,89745,nacional_A,
Nacional,Q01_25,RES-FALLAENTRETIENE,83307,nacional_A,
Nacional,Q01_25,RES_OTROS,82563,nacional_A,
Nacional,Q01_25,RES-ASISTENCIATELMEXCOM,57273,nacional_A,
Nacional,Q01_25,RES-CONTRATACIONINFINITUM,51571,nacional_A,
Nacional,Q01_25,RES-APARATOS,9552,nacional_A,
Nacional,Q01_25,RES_CAMBIOTIT,9426,nacional_A,
Nacional,Q01_25,RES_CAMBIOS,8624,nacional_A,
Nacional,Q01_25,RES-FALLA-ANTIVIRUSMCAFEE,3412,nacional_A,
Nacional,Q01_25,RES-FALLA-DISH,1258,nacional_A,
Nacional,Q01_25,RES_OCULTAVTA,374,nacional_A,
Nacional,Q01_25,RES-TAE,283,nacional_A,
Nacional,Q01_25,RES-DISH,208,nacional_A,
Nacional,Q01_25,RES-FALLA-MVSHUB,205,nacional_A,
Nacional,Q01_25,RES-MADT-MVSHUB,144,nacional_A,
Nacional,Q01_25,RES-SEGUROSINBURSA,143,nacional_A,
Nacional,Q01_25,RES-STARTGO,126,nacional_A,
Nacional,Q01_25,RES-CLARODRIVE,86,nacional_A,
Puebla,Q01_25,CLIENTE_COLGO,117215,puebla,
Puebla,Q01_25,RES-FALLAS_2024,109507,puebla,
Puebla,Q01_25,RES-CONTRATACIONINFINITUM_2024,63613,puebla,
Puebla,Q01_25,NOTMX-SEGUIMIENTOINSTALACION,40515,puebla,
Puebla,Q01_25,RES-SALDOSPAGOS_2024,39401,puebla,
Puebla,Q01_25,VACIO,38744,puebla,
Puebla,Q01_25,DESBORDE_CABECERA,32844,puebla,
Puebla,Q01_25,SINOPCION_CABECERA,18211,puebla,
Puebla,Q01_25,NOTMX-CONT-CONTRATACION,16202,puebla,
Puebla,Q01_25,MARQUE3,13687,puebla,
Puebla,Q01_25,RES-FALLAINTERNET_2024,11847,puebla,
Puebla,Q01_25,NOTMX-CONT-PORTABILIDAD,6381,puebla,
Puebla,Q01_25,RES-SEGINST_2024,5446,puebla,
Puebla,Q01_25,DESBORDE_PROMOCIONAL,3228,puebla,
Nacional,Q02_25,CLIENTE_COLGO,885171,nacional_B,Primer bloque Nacional Q02 = nacional_B (DID 19020001)
Nacional,Q02_25,RES-FALLAINTERNET,578252,nacional_B,
Nacional,Q02_25,DESBORDE_CABECERA,493108,nacional_B,
Nacional,Q02_25,NOTMX-SEGUIMIENTOINSTALACION,391964,nacional_B,
Nacional,Q02_25,VACIO,318279,nacional_B,
Nacional,Q02_25,RES-MADT-DETALLE,176236,nacional_B,
Nacional,Q02_25,RES-SALDOOPAGOS,156144,nacional_B,
Nacional,Q02_25,SINOPCION_CABECERA,125748,nacional_B,
Nacional,Q02_25,DESBORDE_PROMOCIONAL,111868,nacional_B,
Nacional,Q02_25,NOTMX-CONT-CONTRATACION,109677,nacional_B,
Nacional,Q02_25,RES-FALLASLINEA,108851,nacional_B,
Nacional,Q02_25,MARQUE3,78621,nacional_B,
Nacional,Q02_25,NOTMX-CONT-PORTABILIDAD,47553,nacional_B,
Nacional,Q02_25,RES-FALLASEGQJA,43286,nacional_B,
Nacional,Q02_25,RES-SALDOS-WT,34995,nacional_B,
Nacional,Q02_25,RES_CAMBIODOM,31221,nacional_B,
Nacional,Q02_25,RES-ENTR,28533,nacional_B,
Nacional,Q02_25,RES-ASISTENCIATELMEXCOM,27616,nacional_B,
Nacional,Q02_25,RES-FALLAENTRETIENE,25915,nacional_B,
Nacional,Q02_25,RES_OTROS,25241,nacional_B,
Nacional,Q02_25,RES-CONTRATACIONINFINITUM,16282,nacional_B,
Nacional,Q02_25,RES_FALLA_STOP,5861,nacional_B,
Nacional,Q02_25,RES-APARATOS,3070,nacional_B,
Nacional,Q02_25,RES_CAMBIOTIT,2810,nacional_B,
Nacional,Q02_25,NOTMX_SINOP,2674,nacional_B,
Nacional,Q02_25,RES_CAMBIOS,2657,nacional_B,
Nacional,Q02_25,RES-FALLA-ANTIVIRUSMCAFEE,1147,nacional_B,
Nacional,Q02_25,MASI_REPITEBOLETA,783,nacional_B,
Nacional,Q02_25,RES-CONTRATACIONINFINITUM_FM,576,nacional_B,
Nacional,Q02_25,RES-FALLA-DISH,399,nacional_B,
Nacional,Q02_25,RES_OCULTAVTA,122,nacional_B,
Nacional,Q02_25,RES-SALDOSPAGOS_FM,101,nacional_B,
Nacional,Q02_25,RES-TAE,92,nacional_B,
Nacional,Q02_25,RES-FALLA-MVSHUB,75,nacional_B,
Nacional,Q02_25,RES-STARTGO,60,nacional_B,
Nacional,Q02_25,RES-DISH,59,nacional_B,
Nacional,Q02_25,RES-SEGUROSINBURSA,56,nacional_B,
Nacional,Q02_25,RES-MADT-MVSHUB,45,nacional_B,
Nacional,Q02_25,RES-CLARODRIVE,18,nacional_B,
Puebla,Q02_25,DESBORDE_CABECERA,136984,puebla,
Puebla,Q02_25,CLIENTE_COLGO,122636,puebla,
Puebla,Q02_25,RES-FALLAS_2024,87741,puebla,
Puebla,Q02_25,RES-CONTRATACIONINFINITUM_2024,69076,puebla,
Puebla,Q02_25,RES_FALLA_STOP,60916,puebla,
Puebla,Q02_25,VACIO,59455,puebla,
Puebla,Q02_25,NUMERO TELMEX,55123,puebla,
Puebla,Q02_25,RES-SALDOSPAGOS_2024,43610,puebla,
Puebla,Q02_25,SINOPCION_CABECERA,38973,puebla,
Puebla,Q02_25,NOTMX-SEGUIMIENTOINSTALACION,38814,puebla,
Puebla,Q02_25,TMX_SOMO,23731,puebla,
Puebla,Q02_25,DESBORDE_PROMOCIONAL,23633,puebla,
Puebla,Q02_25,MARQUE3,20965,puebla,
Puebla,Q02_25,NOTMX-CONT-CONTRATACION,13632,puebla,
Puebla,Q02_25,ANI,7448,puebla,
Puebla,Q02_25,RES-CONTRATACIONINFINITUM_FM,6461,puebla,
Puebla,Q02_25,RES-SEGINST_2024,5744,puebla,
Puebla,Q02_25,NOTMX-CONT-PORTABILIDAD,4714,puebla,
Puebla,Q02_25,NOTMX_SINOP,4634,puebla,
Puebla,Q02_25,MASI_REPITEBOLETA,4035,puebla,
Puebla,Q02_25,RES-SALDOSPAGOS_FM,1015,puebla,
Puebla,Q02_25,DEFAULT,5,puebla,
Nacional,Q02_25,CLIENTE_COLGO,1867260,nacional_A,Segundo bloque Nacional Q02 = nacional_A (DID 19028031)
Nacional,Q02_25,DESBORDE_CABECERA,1389478,nacional_A,
Nacional,Q02_25,NOTMX-SEGUIMIENTOINSTALACION,839565,nacional_A,
Nacional,Q02_25,VACIO,799301,nacional_A,
Nacional,Q02_25,RES_FALLA_STOP,796171,nacional_A,
Nacional,Q02_25,RES-FALLAINTERNET,548584,nacional_A,
Nacional,Q02_25,RES-MADT-DETALLE,353242,nacional_A,
Nacional,Q02_25,SINOPCION_CABECERA,292914,nacional_A,
Nacional,Q02_25,RES-SALDOOPAGOS,282166,nacional_A,
Nacional,Q02_25,DESBORDE_PROMOCIONAL,270094,nacional_A,
Nacional,Q02_25,NOTMX-CONT-CONTRATACION,229063,nacional_A,
Nacional,Q02_25,NOTMX_SINOP,183738,nacional_A,
Nacional,Q02_25,MARQUE3,180319,nacional_A,
Nacional,Q02_25,RES-FALLASLINEA,178453,nacional_A,
Nacional,Q02_25,MASI_REPITEBOLETA,105756,nacional_A,
Nacional,Q02_25,NOTMX-CONT-PORTABILIDAD,97646,nacional_A,
Nacional,Q02_25,RES-FALLAENTRETIENE,74359,nacional_A,
Nacional,Q02_25,RES-CONTRATACIONINFINITUM_FM,70486,nacional_A,
Nacional,Q02_25,RES-ENTR,70049,nacional_A,
Nacional,Q02_25,RES-ASISTENCIATELMEXCOM,66232,nacional_A,
Nacional,Q02_25,RES-FALLASEGQJA,54975,nacional_A,
Nacional,Q02_25,RES-SALDOS-WT,51254,nacional_A,
Nacional,Q02_25,RES_OTROS,42992,nacional_A,
Nacional,Q02_25,RES_CAMBIODOM,39136,nacional_A,
Nacional,Q02_25,RES-CONTRATACIONINFINITUM,33305,nacional_A,
Nacional,Q02_25,RES-SALDOSPAGOS_FM,10200,nacional_A,
Nacional,Q02_25,RES_CAMBIOS,5999,nacional_A,
Nacional,Q02_25,RES-APARATOS,5987,nacional_A,
Nacional,Q02_25,RES_CAMBIOTIT,5423,nacional_A,
Nacional,Q02_25,RES-FALLA-ANTIVIRUSMCAFEE,2031,nacional_A,
Nacional,Q02_25,RES-FALLA-DISH,627,nacional_A,
Nacional,Q02_25,RES-TAE,253,nacional_A,
Nacional,Q02_25,RES_OCULTAVTA,218,nacional_A,
Nacional,Q02_25,RES-FALLA-MVSHUB,136,nacional_A,
Nacional,Q02_25,RES-STARTGO,118,nacional_A,
Nacional,Q02_25,RES-DISH,99,nacional_A,
Nacional,Q02_25,RES-MADT-MVSHUB,91,nacional_A,
Nacional,Q02_25,RES-SEGUROSINBURSA,90,nacional_A,
Nacional,Q02_25,RES-CLARODRIVE,54,nacional_A,
Nacional,Q03_25,CLIENTE_COLGO,30201,nacional_B,Primer bloque Nacional Q03 = nacional_B (reduccion dramatica)
Nacional,Q03_25,DESBORDE_CABECERA,12962,nacional_B,
Nacional,Q03_25,VACIO,9092,nacional_B,
Nacional,Q03_25,NOTMX-SEGUIMIENTOINSTALACION,7764,nacional_B,
Nacional,Q03_25,RES_FALLA_STOP,7496,nacional_B,
Nacional,Q03_25,RES-SALDOOPAGOS,6354,nacional_B,
Nacional,Q03_25,RES-FALLAINTERNET,5277,nacional_B,
Nacional,Q03_25,RES-MADT-DETALLE,5060,nacional_B,
Nacional,Q03_25,SINOPCION_CABECERA,4985,nacional_B,
Nacional,Q03_25,NOTMX-CONT-CONTRATACION,3033,nacional_B,
Nacional,Q03_25,DESBORDE_PROMOCIONAL,2774,nacional_B,
Nacional,Q03_25,RES-FALLASLINEA,1866,nacional_B,
Nacional,Q03_25,MARQUE3,1719,nacional_B,
Nacional,Q03_25,NOTMX_SINOP,1475,nacional_B,
Nacional,Q03_25,MASI_REPITEBOLETA,1054,nacional_B,
Nacional,Q03_25,RES-CONTRATACIONINFINITUM_FM,1025,nacional_B,
Nacional,Q03_25,NOTMX-CONT-PORTABILIDAD,1019,nacional_B,
Nacional,Q03_25,RES_CAMBIODOM,751,nacional_B,
Nacional,Q03_25,RES-SALDOS-WT,618,nacional_B,
Nacional,Q03_25,RES-ASISTENCIATELMEXCOM,603,nacional_B,
Nacional,Q03_25,RES-ENTR,570,nacional_B,
Nacional,Q03_25,RES-FALLAENTRETIENE,555,nacional_B,
Nacional,Q03_25,RES-FALLASEGQJA,535,nacional_B,
Nacional,Q03_25,RES_OTROS,517,nacional_B,
Nacional,Q03_25,KIPSOLCOM,292,nacional_B,
Nacional,Q03_25,RES-CONTRATACIONINFINITUM,291,nacional_B,
Nacional,Q03_25,RES-SALDOSPAGOS_FM,171,nacional_B,
Nacional,Q03_25,RES_CAMBIOTIT,77,nacional_B,
Nacional,Q03_25,RES_CAMBIOS,71,nacional_B,
Nacional,Q03_25,RES-APARATOS,58,nacional_B,
Nacional,Q03_25,RES-FALLA-ANTIVIRUSMCAFEE,23,nacional_B,
Nacional,Q03_25,RES-TAE,7,nacional_B,
Nacional,Q03_25,RES-FALLA-DISH,5,nacional_B,
Nacional,Q03_25,RES_OCULTAVTA,3,nacional_B,
Nacional,Q03_25,RES-SEGUROSINBURSA,2,nacional_B,
Nacional,Q03_25,RES-DISH,2,nacional_B,
Nacional,Q03_25,RES-MADT-MVSHUB,1,nacional_B,
Nacional,Q03_25,RES-FALLA-MVSHUB,1,nacional_B,
Nacional,Q03_25,RES-CLARODRIVE,1,nacional_B,
Nacional,Q03_25,RES-STARTGO,1,nacional_B,
Puebla,Q03_25,NUMERO TELMEX,52010,puebla,
Puebla,Q03_25,DESBORDE_CABECERA,40896,puebla,
Puebla,Q03_25,CLIENTE_COLGO,39331,puebla,
Puebla,Q03_25,RES_FALLA_STOP,36932,puebla,
Puebla,Q03_25,RES-CONTRATACIONINFINITUM_2024,35754,puebla,
Puebla,Q03_25,VACIO,33856,puebla,
Puebla,Q03_25,RES-FALLAS_2024,32511,puebla,
Puebla,Q03_25,SINOPCION_CABECERA,29509,puebla,
Puebla,Q03_25,RES-SALDOSPAGOS_2024,22770,puebla,
Puebla,Q03_25,NOTMX-SEGUIMIENTOINSTALACION,22448,puebla,
Puebla,Q03_25,TMX_SOMO,17144,puebla,
Puebla,Q03_25,MARQUE3,11325,puebla,
Puebla,Q03_25,DESBORDE_PROMOCIONAL,10776,puebla,
Puebla,Q03_25,ANI,8426,puebla,
Puebla,Q03_25,NOTMX-CONT-CONTRATACION,7347,puebla,
Puebla,Q03_25,RES-CONTRATACIONINFINITUM_FM,7121,puebla,
Puebla,Q03_25,SALDOCABECERA,3497,puebla,
Puebla,Q03_25,NOTMX_SINOP,2999,puebla,
Puebla,Q03_25,RES-SEGINST_2024,2794,puebla,
Puebla,Q03_25,NOTMX-CONT-PORTABILIDAD,2232,puebla,
Puebla,Q03_25,KIPSOLCOM,1938,puebla,
Puebla,Q03_25,RES-SALDOSPAGOS_FM,954,puebla,
Puebla,Q03_25,telefono_cMenu,297,puebla,
Puebla,Q03_25,SALDOS3_OTRA,139,puebla,
Puebla,Q03_25,SALDOS1_PAGAR,2,puebla,
Puebla,Q03_25,MENUSALDOSCABECERA,2,puebla,
Nacional,Q03_25,CLIENTE_COLGO,1478963,nacional_A,Segundo bloque Nacional Q03 = nacional_A (DID 19028031)
Nacional,Q03_25,DESBORDE_CABECERA,1156373,nacional_A,
Nacional,Q03_25,NOTMX-SEGUIMIENTOINSTALACION,852033,nacional_A,
Nacional,Q03_25,RES_FALLA_STOP,761519,nacional_A,
Nacional,Q03_25,VACIO,758826,nacional_A,
Nacional,Q03_25,RES-FALLAINTERNET,512649,nacional_A,
Nacional,Q03_25,RES-MADT-DETALLE,399423,nacional_A,
Nacional,Q03_25,SINOPCION_CABECERA,321391,nacional_A,
Nacional,Q03_25,RES-SALDOOPAGOS,313515,nacional_A,
Nacional,Q03_25,DESBORDE_PROMOCIONAL,260406,nacional_A,
Nacional,Q03_25,NOTMX-CONT-CONTRATACION,220136,nacional_A,
Nacional,Q03_25,RES-FALLASLINEA,173104,nacional_A,
Nacional,Q03_25,MARQUE3,172935,nacional_A,
Nacional,Q03_25,NOTMX_SINOP,132533,nacional_A,
Nacional,Q03_25,MASI_REPITEBOLETA,99990,nacional_A,
Nacional,Q03_25,NOTMX-CONT-PORTABILIDAD,93221,nacional_A,
Nacional,Q03_25,RES-CONTRATACIONINFINITUM_FM,75452,nacional_A,
Nacional,Q03_25,RES-FALLAENTRETIENE,60941,nacional_A,
Nacional,Q03_25,RES_CAMBIODOM,58451,nacional_A,
Nacional,Q03_25,RES-ENTR,58424,nacional_A,
Nacional,Q03_25,RES-FALLASEGQJA,57420,nacional_A,
Nacional,Q03_25,RES_OTROS,52218,nacional_A,
Nacional,Q03_25,NUMERO TELMEX,50854,nacional_A,
Nacional,Q03_25,RES-SALDOS-WT,50178,nacional_A,
Nacional,Q03_25,RES-ASISTENCIATELMEXCOM,46682,nacional_A,
Nacional,Q03_25,RES-CONTRATACIONINFINITUM,31382,nacional_A,
Nacional,Q03_25,KIPSOLCOM,28205,nacional_A,
Nacional,Q03_25,RES-SALDOSPAGOS_FM,10868,nacional_A,
Nacional,Q03_25,RES-APARATOS,6365,nacional_A,
Nacional,Q03_25,RES_CAMBIOS,6088,nacional_A,
Nacional,Q03_25,RES_CAMBIOTIT,5954,nacional_A,
Nacional,Q03_25,ANI,4061,nacional_A,
Nacional,Q03_25,RES-FALLA-ANTIVIRUSMCAFEE,1992,nacional_A,
Nacional,Q03_25,RES-FALLA-DISH,566,nacional_A,
Nacional,Q03_25,SALDOS3_OTRA,272,nacional_A,
Nacional,Q03_25,RES-TAE,244,nacional_A,
Nacional,Q03_25,RES_OCULTAVTA,234,nacional_A,
Nacional,Q03_25,RES-SEGUROSINBURSA,125,nacional_A,
Nacional,Q03_25,RES-DISH,123,nacional_A,
Nacional,Q03_25,RES-MADT-MVSHUB,111,nacional_A,
Nacional,Q03_25,telefono_cMenu,111,nacional_A,
Nacional,Q03_25,RES-FALLA-MVSHUB,97,nacional_A,
Nacional,Q03_25,RES-STARTGO,96,nacional_A,
Nacional,Q03_25,RES-CLARODRIVE,54,nacional_A,
Nacional,Q03_25,SALDOS1_PAGAR,21,nacional_A,
