trimestre,longitud_vdn,numero_enrutamiento,total_llamadas,porcentaje_q1,menus_distintos,etiquetas_distintas,col8,menus_lista,etiquetas_lista,fecha_primera,fecha_ultima
Q01_25,0,,1514,100,5,6,14,"Desborde_Cabecera, RES-FallasLinea, RES_Cambios, RES_CambioTit","DEFAULT, FM_ROBO_P, QJA_AB_2, QJA_AB_DAT_2, VINNETFLIX",01/01/2025,31/03/2025
Q01_25,6,309004,6,100,1,1,1,RES-SaldosPagos_2024,DEFAULT,18/02/2025,12/03/2025
Q01_25,8,10128025,14,0,1,1,4,RES-ContratacionInfinitum,SUS_COM,10/01/2025,25/03/2025
Q01_25,8,10828081,14,0,1,1,4,RES-FallaInternet,DEFAULT,26/03/2025,26/03/2025
Q01_25,8,10828094,44,0,1,1,3,Desborde_Cabecera,RETARGETING,05/01/2025,31/03/2025
Q01_25,8,10528004,49,0,1,1,7,Desborde_Cabecera,MEGACABLE,31/03/2025,31/03/2025
Q01_25,8,15070036,59,0,1,1,1,Desborde_Cabecera,CLIENTESAPP,07/01/2025,26/03/2025
Q01_25,8,10728493,130,0,1,1,9,RES-SegurosInbursa,DEFAULT,02/01/2025,31/03/2025
Q01_25,8,10828073,144,0,1,1,9,RES-MADT-MVSHUB,DEFAULT,03/01/2025,31/03/2025
Q01_25,8,11228108,153,0,1,1,3,RES-ContratacionInfinitum,LAREDO,02/01/2025,31/03/2025
Q01_25,8,10728494,199,0,1,1,8,RES-DISH,DEFAULT,02/01/2025,31/03/2025
Q01_25,8,14928960,205,0,1,1,10,RES-Falla-MVSHUB,DEFAULT,02/01/2025,31/03/2025
Q01_25,8,19020049,321,0,1,1,3,Desborde_Cabecera,COD_SUSP_7,01/01/2025,31/03/2025
Q01_25,8,11228178,659,0.01,1,1,9,RES-FallaInternet,POT_A_VSI_TDM,01/01/2025,31/03/2025
Q01_25,8,10828022,755,0.01,1,1,15,RES-FallaInternet,ERMITAT,01/01/2025,06/02/2025
Q01_25,8,10428105,998,0.01,1,1,14,Desborde_Cabecera,MEGACABLE,14/01/2025,31/03/2025
Q01_25,8,11128125,1123,0.01,1,1,12,Desborde_Cabecera,RETCOMBO,01/01/2025,31/03/2025
Q01_25,8,19020046,1367,0.01,1,1,15,RES-FallaInternet,SUS_COM,01/01/2025,31/03/2025
Q01_25,8,10928334,1570,0.02,1,1,3,Desborde_Cabecera,ANALAMCAN,01/01/2025,31/03/2025
Q01_25,8,10928336,1727,0.02,1,1,3,Desborde_Cabecera,SABIVALLE,01/01/2025,31/03/2025
Q01_25,8,10928083,1893,0.02,1,1,13,Desborde_Cabecera,CASOSDG,01/01/2025,31/03/2025
Q01_25,8,10928306,2207,0.02,1,1,3,Desborde_Cabecera,ECATEPEC_PORTA,01/01/2025,31/03/2025
Q01_25,8,10928335,2254,0.02,1,1,3,Desborde_Cabecera,BUSTAVILLAL,01/01/2025,31/03/2025
Q01_25,8,10928137,3412,0.04,1,1,16,RES-Falla-AntivirusMcAfee,DEFAULT,01/01/2025,31/03/2025
Q01_25,8,10928124,3533,0.04,1,1,13,Desborde_Cabecera,VINNETFLIX,06/02/2025,31/03/2025
Q01_25,8,10828141,3581,0.04,1,1,3,RES-FallaInternet,ACUNA,01/01/2025,31/03/2025
Q01_25,8,10928031,3783,0.04,1,1,16,Desborde_Cabecera,MIGRAFTTH,01/01/2025,31/03/2025
Q01_25,8,10928311,6611,0.07,1,1,3,Desborde_Cabecera,QJA_ACAPULCO,01/01/2025,31/03/2025
Q01_25,8,10928270,7051,0.07,2,2,15,"Desborde_Cabecera, RES-FallaInternet","CAMBIONT_NC, ONT_ECANCELA",01/01/2025,31/03/2025
Q01_25,8,10628002,7112,0.07,1,1,16,RES_Cambios,DEFAULT,01/01/2025,31/03/2025
Q01_25,8,10928018,7131,0.07,1,1,15,Desborde_Cabecera,INCLUENCER,01/01/2025,31/03/2025
Q01_25,8,15070071,7868,0.08,1,1,16,RES_CambioTit,DEFAULT,01/01/2025,31/03/2025
Q01_25,8,10228051,8426,0.09,2,1,12,"RES-FallaInternet, RES-FallasLinea",CASE_41,01/01/2025,31/03/2025
Q01_25,8,14929021,9551,0.10,1,1,16,RES-FallasLinea,ML,01/01/2025,31/03/2025
Q01_25,8,10828144,13770,0.14,2,1,15,"RES-ContratacionInfinitum, RES-MADT-Detalle",PQ_389,01/01/2025,31/03/2025
Q01_25,8,15070020,15557,0.16,1,2,16,Desborde_Cabecera,"QJA_AB_VOZ_1, QJA_AB_VOZ_2",01/01/2025,31/03/2025
Q01_25,8,15070007,21077,0.22,2,2,16,"RES-Aparatos, RES-FallaInternet","ADEUDO22222, DEFAULT",01/01/2025,31/03/2025
Q01_25,8,19020076,32986,0.34,1,1,3,Desborde_Cabecera,ECATEPEC_FM,01/01/2025,31/03/2025
Q01_25,8,11028186,33575,0.35,1,1,15,Desborde_Cabecera,VINNETFLIX,06/02/2025,31/03/2025
Q01_25,8,14929014,37537,0.39,1,1,16,NOTMX-CONT-Portabilidad,DEFAULT,06/03/2025,31/03/2025
Q01_25,8,19020033,39704,0.41,1,1,17,RES-FallaEntretiene,DEFAULT,01/01/2025,31/03/2025
Q01_25,8,15070006,41467,0.43,4,1,17,"RES-ClaroDrive, RES-ContratacionInfinitum, RES-ContratacionInfinitum_2024, RES-StartGo",DEFAULT,03/01/2025,31/03/2025
Q01_25,8,10728381,43603,0.46,1,2,16,RES-FallaEntretiene,"DEFAULT, NOBOT",01/01/2025,31/03/2025
Q01_25,8,19020078,44034,0.46,1,1,3,Desborde_Cabecera,ECATEPEC_QJA,01/01/2025,31/03/2025
Q01_25,8,15070012,50794,0.53,7,1,17,"RES-ContratacionInfinitum, RES-Entr, RES-MADT-Detalle, RES_CambioDom, RES_Cambios, RES_CambioTit, RE",2L,01/01/2025,31/03/2025
Q01_25,8,10728009,57273,0.60,1,1,16,RES-AsistenciaTelmexcom,DEFAULT,01/01/2025,31/03/2025
Q01_25,8,10428163,59257,0.62,1,3,17,Desborde_Cabecera,"ADEUDO_1Y2, MES_1, MES_2",01/01/2025,31/03/2025
Q01_25,8,15070002,73637,0.77,1,1,17,RES_Otros,DEFAULT,01/01/2025,31/03/2025
Q01_25,8,15070004,87763,0.92,1,1,17,RES_CambioDom,DEFAULT,01/01/2025,31/03/2025
Q01_25,8,10728382,87793,0.92,1,2,17,RES-Entr,"DEFAULT, NOBOT",01/01/2025,31/03/2025
Q01_25,8,14928994,98985,1.03,1,1,15,Desborde_Cabecera,TELECOBRA,01/01/2025,31/03/2025
Q01_25,8,10928299,113258,1.18,2,1,3,"Desborde_Cabecera, RES-FallaInternet",ECATEPEC,01/01/2025,31/03/2025
Q01_25,8,10728485,123413,1.29,1,1,14,NOTMX-CONT-Portabilidad,DEFAULT,01/01/2025,06/03/2025
Q01_25,8,10728000,129568,1.35,3,5,17,"RES-FallaInternet, RES-FallaInternet_2024, RES-Fallas_2024","FALLA_AMBAS_P, FALLA_CENTRAL_P, FM_CFE_P, FM_ROBO_P, POSIBLE_FALLA_DSLAM_P",01/01/2025,31/03/2025
Q01_25,8,15070019,278512,2.91,4,4,17,"RES-FallaInternet, RES-FallaInternet_2024, RES-FallasLinea, RES-Fallas_2024","DEFAULT, FM_CFE_P, FM_NATURAL_P, PARO_RELOJ",01/01/2025,31/03/2025
Q01_25,8,15070059,298542,3.12,1,1,16,NOTMX-CONT-Contratacion,DEFAULT,01/01/2025,31/03/2025
Q01_25,8,19010000,401581,4.20,3,1,17,"RES-FallaInternet, RES-FallaInternet_2024, RES-FallasLinea",DEFAULT,01/01/2025,31/03/2025
Q01_25,8,10928253,410706,4.29,2,8,17,"Desborde_Cabecera, RES-FallaSegQja","DEFAULT, QJA_AB_3, QJA_AB_DAT_1, QJA_AB_DAT_2, QJA_AB_VOZ_1, QJA_AB_VOZ_2, QJA_AB_VSI_1, QJA_AB_VSI_",01/01/2025,31/03/2025
Q01_25,8,10428174,440285,4.60,1,1,15,Desborde_Cabecera,TELVICOBRA,01/01/2025,31/03/2025
Q01_25,8,15070013,547016,5.72,6,2,17,"RES-Aparatos, RES-ContratacionInfinitum, RES-ContratacionInfinitum_2024, RES-FallaInternet, RES-MADT","ADEUDO22222, DEFAULT",01/01/2025,31/03/2025
Q01_25,8,10728487,1153873,12.06,2,1,16,"NOTMX-SeguimientoInstalacion, RES-SegInst_2024",DEFAULT,01/01/2025,31/03/2025
Q01_25,8,10828091,1157261,12.09,3,3,17,"RES-FallaInternet, RES-FallaInternet_2024, RES-Fallas_2024","DEFAULT, NOBOT, VSI",01/01/2025,31/03/2025
Q01_25,8,19020086,3591868,37.54,5,1,17,"cliente_colgo, Desborde_Promocional, Marque3, SinOpcion_Cabecera",,01/01/2025,31/03/2025
